files_changed,loc_changed,hour,day_of_week,is_weekend,service,incidents_last_week,on_call_available,failed_tests,risk
8,642,7,2,0,checkout,1,1,1,Medium
4,57,11,1,0,payments,0,1,0,Low
55,376,18,2,0,search,0,1,1,Low
43,868,20,4,0,auth,1,1,1,Medium
8,43,1,5,1,reporting,0,1,0,Low
8,550,15,4,0,reporting,0,1,0,Low
5,245,12,0,0,payments,0,1,2,Medium
23,61,8,6,1,search,1,1,0,Low
6,231,21,6,1,notifications,0,1,0,Low
23,399,14,6,1,auth,0,1,1,Medium
13,413,22,4,0,checkout,0,1,0,Low
40,1645,11,1,0,search,0,0,0,Medium
7,413,19,0,0,checkout,1,1,0,Low
5,51,23,1,0,payments,0,1,1,Medium
11,136,23,3,0,payments,0,0,0,High
5,58,5,0,0,search,0,1,0,Low
7,180,21,0,0,notifications,0,0,0,Medium
1,35,19,0,0,search,1,1,0,Low
20,130,9,0,0,notifications,0,1,0,Low
33,205,2,5,1,notifications,0,0,1,High
2,45,7,0,0,search,0,1,0,Low
16,128,3,6,1,payments,0,1,0,Medium
6,135,22,4,0,reporting,0,0,0,Medium
7,221,0,3,0,checkout,0,1,0,Medium
16,91,13,6,1,checkout,3,1,2,High
6,48,9,1,0,reporting,0,1,0,Low
70,236,9,0,0,auth,0,0,0,Medium
25,1049,23,3,0,checkout,0,1,1,Medium
19,752,18,6,1,search,0,1,0,Medium
6,153,16,2,0,search,0,1,0,Low
12,475,11,3,0,checkout,0,0,0,Medium
3,302,18,1,0,payments,0,1,0,Low
1,104,8,0,0,search,0,1,0,Low
4,272,15,6,1,checkout,1,1,0,Low
13,73,13,5,1,search,0,1,1,Low
10,269,21,2,0,checkout,1,1,0,Medium
30,783,15,2,0,auth,0,1,1,Medium
26,1103,2,6,1,payments,2,1,0,High
1,46,16,1,0,auth,0,0,0,Medium
18,190,23,3,0,search,0,0,0,Low
21,909,2,6,1,search,0,0,2,High
2,135,15,0,0,payments,0,0,0,Medium
48,2216,6,4,0,search,2,1,0,Medium
4,307,6,4,0,checkout,3,1,0,High
2,15,11,4,0,payments,0,1,0,Low
3,91,18,6,1,checkout,0,0,1,Medium
7,228,11,2,0,reporting,0,1,0,Low
10,37,7,0,0,checkout,2,1,0,Medium
6,337,20,4,0,reporting,0,0,0,Low
75,109,18,0,0,search,0,1,0,Low
10,242,15,3,0,payments,2,1,0,Medium
8,75,4,6,1,payments,0,1,0,Low
6,279,15,5,1,checkout,0,1,1,Low
41,2094,4,2,0,payments,1,0,0,High
8,722,16,6,1,checkout,0,1,0,Low
22,1593,18,0,0,payments,0,1,1,Medium
4,139,1,1,0,search,0,1,0,Low
29,584,16,5,1,checkout,1,1,0,Medium
60,1397,14,0,0,notifications,0,1,0,Low
15,739,3,4,0,auth,1,1,1,High
6,197,10,6,1,notifications,0,1,0,Low
18,265,2,1,0,notifications,0,1,0,Low
26,301,21,3,0,checkout,0,1,0,Low
18,64,21,0,0,reporting,0,1,0,Low
25,864,14,5,1,reporting,0,0,0,Medium
34,624,12,6,1,auth,0,1,0,Low
21,143,16,0,0,reporting,0,1,0,Low
16,291,14,0,0,reporting,0,1,0,Low
8,105,1,4,0,notifications,0,0,1,Medium
11,546,23,4,0,payments,0,1,1,Medium
8,699,14,5,1,reporting,1,1,1,Low
23,118,18,6,1,search,0,1,0,Low
22,54,3,1,0,checkout,0,1,0,Medium
4,131,0,6,1,checkout,0,1,0,Medium
8,128,4,4,0,reporting,0,1,0,Low
13,605,10,2,0,payments,2,1,0,Medium
12,176,9,2,0,payments,1,1,0,Low
13,176,22,2,0,auth,0,0,0,High
9,97,9,3,0,search,0,1,1,Low
3,16,9,6,1,checkout,1,0,0,Medium
10,244,7,4,0,checkout,0,1,0,Low
12,88,19,6,1,notifications,1,1,0,Low
45,192,7,3,0,reporting,0,1,0,Low
8,36,13,4,0,payments,1,1,0,Low
4,180,21,0,0,notifications,0,1,1,Low
2,51,10,1,0,reporting,0,1,1,Low
1,83,6,0,0,search,0,0,1,Low
11,1052,16,4,0,search,0,1,0,Low
6,83,22,5,1,notifications,0,0,0,Medium
13,26,18,1,0,auth,0,1,0,Low
22,51,22,5,1,notifications,0,1,0,Medium
5,32,21,6,1,payments,1,1,0,Low
25,2831,23,4,0,reporting,1,1,0,Medium
16,548,18,4,0,checkout,2,0,0,High
5,77,22,0,0,search,1,0,0,Medium
22,75,23,2,0,notifications,1,1,0,Low
21,654,6,3,0,payments,0,0,0,Medium
18,794,9,4,0,search,0,1,0,Low
27,176,21,2,0,checkout,0,1,0,Medium
3,208,20,1,0,search,0,1,0,Low
21,77,18,2,0,auth,0,0,0,Medium
13,254,23,1,0,reporting,0,1,0,Low
5,152,16,1,0,reporting,1,1,0,Low
11,360,6,5,1,notifications,1,1,0,Low
2,66,16,2,0,auth,1,1,0,Low
18,870,17,1,0,payments,1,1,0,Medium
19,1238,20,0,0,reporting,1,1,0,Low
24,854,2,5,1,auth,0,1,0,Medium
4,45,2,6,1,checkout,0,1,0,Medium
24,233,0,1,0,checkout,1,1,1,Medium
4,79,2,4,0,notifications,1,0,0,High
5,89,6,2,0,search,0,1,0,Low
6,299,4,6,1,payments,0,0,0,High
4,332,10,5,1,search,0,0,0,Low
36,4074,19,6,1,search,0,0,0,Medium
1,83,4,3,0,checkout,1,1,1,Medium
8,296,23,4,0,notifications,0,1,0,Low
2,106,8,4,0,notifications,2,1,0,Low
5,72,7,5,1,notifications,0,1,1,Low
13,390,12,3,0,checkout,1,0,1,High
19,879,20,3,0,auth,0,1,0,Low
21,119,1,1,0,reporting,0,1,0,Low
15,1501,7,5,1,auth,1,0,0,High
28,350,4,3,0,checkout,1,0,0,High
19,28,21,1,0,payments,0,1,3,High
1,5,14,1,0,notifications,0,1,0,Low
88,1156,8,5,1,checkout,1,1,0,High
30,2508,4,5,1,notifications,0,1,0,Medium
4,24,23,2,0,search,0,1,1,Low
23,1064,2,3,0,checkout,0,1,1,High
10,6,16,5,1,reporting,0,1,0,Low
6,139,10,5,1,checkout,0,1,0,Low
10,251,10,0,0,checkout,3,1,0,High
19,411,17,0,0,search,0,1,0,Low
1,23,6,6,1,auth,1,1,0,Medium
1,106,8,6,1,auth,3,1,0,Medium
34,667,2,1,0,payments,0,1,0,Medium
31,231,3,6,1,checkout,0,0,0,High
3,18,21,4,0,checkout,3,1,0,Medium
3,263,19,3,0,checkout,0,1,0,Low
12,256,3,1,0,auth,1,0,1,High
10,482,2,5,1,auth,2,1,0,Medium
8,48,21,6,1,search,0,1,0,Low
8,697,2,3,0,checkout,0,1,0,Medium
53,805,9,4,0,notifications,0,1,0,Low
5,120,21,6,1,search,0,1,0,Low
10,503,23,3,0,search,1,1,0,Low
42,76,5,5,1,checkout,1,1,0,Medium
8,170,1,1,0,payments,2,1,0,Medium
3,58,9,0,0,search,0,0,0,Low
3,64,21,1,0,auth,2,1,0,Medium
1,111,3,0,0,payments,2,1,0,Medium
17,3167,8,0,0,payments,0,0,0,Medium
16,579,5,0,0,notifications,0,0,0,Medium
31,347,20,4,0,payments,0,1,0,Medium
12,205,10,1,0,notifications,0,1,0,Low
8,439,1,4,0,reporting,1,1,0,Medium
15,545,13,2,0,auth,1,0,0,High
16,936,3,4,0,notifications,0,1,0,Low
5,66,14,3,0,search,0,1,0,Low
8,777,10,6,1,search,0,1,0,Low
38,500,21,6,1,payments,0,1,1,Medium
26,1386,8,1,0,auth,0,1,1,Medium
5,253,9,0,0,payments,0,1,0,Low
3,61,1,4,0,payments,0,1,0,Medium
4,72,1,1,0,notifications,0,1,0,Low
19,589,23,5,1,search,0,1,0,Low
2,114,8,3,0,payments,0,1,0,Low
27,772,20,3,0,reporting,0,1,0,Low
78,2122,2,5,1,auth,0,1,0,High
48,222,14,5,1,payments,0,1,0,Low
17,678,12,3,0,search,1,1,0,Low
17,55,17,4,0,payments,1,1,0,Low
7,40,8,6,1,payments,0,1,2,Medium
24,540,19,5,1,auth,0,1,1,Medium
6,32,2,5,1,auth,0,1,1,Medium
26,110,3,5,1,reporting,0,0,0,Low
3,40,20,4,0,auth,0,1,0,Low
51,726,13,5,1,search,0,1,0,Low
7,88,18,2,0,auth,0,1,1,Low
6,92,2,2,0,checkout,0,1,0,Medium
16,132,6,3,0,search,0,1,1,Low
24,322,6,4,0,notifications,0,0,0,Low
24,526,23,1,0,checkout,0,1,0,Low
4,35,3,6,1,payments,0,1,0,Low
3,194,17,5,1,notifications,0,1,0,Low
47,157,23,1,0,payments,2,1,0,Medium
16,437,7,2,0,payments,1,1,0,Medium
67,945,12,2,0,payments,1,0,0,High
7,265,18,4,0,search,0,1,0,Low
22,191,14,0,0,search,1,1,0,Low
15,595,22,2,0,reporting,1,1,1,Medium
14,507,1,1,0,notifications,0,1,0,Low
9,228,19,0,0,reporting,1,1,0,Low
6,290,16,4,0,search,1,0,1,Medium
1,30,10,4,0,payments,1,1,0,Low
2,180,18,4,0,search,0,1,1,Low
32,455,9,4,0,auth,0,1,1,Low
4,241,10,2,0,payments,1,1,0,Low
12,575,16,0,0,reporting,0,0,0,Low
22,1017,23,3,0,notifications,1,1,1,Medium
1,13,5,3,0,reporting,0,0,0,Low
32,546,23,5,1,checkout,1,1,0,High
1,54,18,1,0,reporting,0,1,0,Low
24,479,12,0,0,search,0,1,0,Low
20,3244,0,6,1,payments,1,1,0,Medium
28,344,15,1,0,checkout,0,1,0,Low
14,450,18,1,0,checkout,0,0,1,High
4,169,4,6,1,search,0,1,2,Medium
8,528,3,5,1,checkout,0,1,0,Medium
5,53,23,1,0,auth,0,0,1,High
1,66,20,5,1,search,0,0,1,Medium
17,1408,15,5,1,checkout,0,1,0,Low
13,219,20,1,0,search,0,1,0,Low
9,39,22,1,0,payments,0,1,0,Medium
12,321,5,1,0,auth,0,1,0,Medium
4,23,15,6,1,notifications,0,1,0,Low
1,69,6,5,1,checkout,0,1,1,Medium
3,105,13,0,0,notifications,1,0,0,Low
36,718,5,2,0,search,0,1,2,Medium
12,123,8,0,0,search,0,1,0,Low
3,98,1,2,0,notifications,0,0,1,High
4,56,15,5,1,notifications,0,0,0,Low
11,979,22,5,1,checkout,1,1,1,High
3,89,0,5,1,search,0,0,0,Medium
2,80,1,1,0,search,0,1,1,Low
12,111,23,3,0,auth,0,1,1,Medium
9,205,4,2,0,search,0,0,0,Low
21,76,7,3,0,search,0,1,0,Low
16,488,14,0,0,reporting,0,1,0,Low
16,1115,16,0,0,payments,1,1,1,Medium
8,55,2,0,0,notifications,1,1,0,Low
1,105,15,1,0,payments,0,0,0,Medium
15,303,14,4,0,search,0,1,0,Low
5,37,23,2,0,search,0,1,0,Low
1,53,8,6,1,checkout,1,1,0,Medium
28,235,2,3,0,notifications,2,1,0,Medium
12,34,16,6,1,auth,1,1,0,Low
37,569,8,2,0,notifications,1,1,0,Low
17,54,21,1,0,search,0,1,0,Low
10,1037,22,0,0,reporting,0,1,0,Low
5,103,12,3,0,payments,1,1,0,Low
11,45,16,6,1,reporting,1,1,1,Low
41,528,16,6,1,payments,1,0,1,High
19,2349,13,3,0,checkout,0,1,1,Medium
6,213,4,6,1,payments,1,1,0,Medium
31,220,0,3,0,search,0,1,0,Low
6,205,8,1,0,auth,0,1,0,Low
3,47,2,4,0,search,0,1,0,Low
1,47,10,4,0,payments,0,1,0,Low
13,152,23,2,0,payments,0,1,0,Low
6,271,1,0,0,notifications,0,1,0,Low
6,161,0,3,0,auth,0,1,0,Low
8,46,10,1,0,payments,0,0,1,Medium
13,74,12,2,0,auth,0,1,0,Low
6,47,9,2,0,checkout,1,1,1,Low
27,2793,14,5,1,reporting,0,1,0,Low
12,442,18,2,0,notifications,0,1,0,Low
11,328,11,3,0,notifications,0,1,0,Low
23,776,7,4,0,reporting,0,1,0,Low
3,177,3,4,0,reporting,0,0,0,Medium
1,72,4,5,1,payments,1,1,0,Low
10,1033,19,5,1,reporting,0,1,0,Low
14,917,16,6,1,notifications,1,1,1,Medium
47,243,7,0,0,search,0,1,1,Low
11,294,22,2,0,auth,0,1,1,Medium
16,411,1,0,0,payments,0,1,2,High
2,7,4,3,0,search,0,0,0,Low
2,57,13,5,1,reporting,0,1,0,Low
13,421,18,1,0,notifications,1,1,1,Medium
1,13,23,5,1,search,1,1,0,Low
28,561,20,5,1,checkout,1,1,0,Medium
20,1009,9,1,0,search,0,1,0,Low
25,503,12,6,1,notifications,0,1,0,Low
33,1429,8,0,0,search,0,1,0,Low
28,4,11,0,0,payments,0,0,0,Medium
5,273,3,3,0,search,2,1,0,Medium
28,830,22,3,0,checkout,1,0,0,High
17,1232,20,1,0,search,0,1,0,Low
31,543,17,6,1,reporting,0,1,1,Low
26,1237,8,6,1,payments,2,0,0,High
16,555,5,5,1,search,0,1,0,Low
34,306,12,1,0,payments,2,1,0,Low
1,12,2,3,0,payments,1,0,0,Medium
10,845,5,6,1,payments,0,0,0,High
8,124,5,6,1,checkout,0,1,0,Medium
7,42,20,2,0,search,0,0,0,Low
23,366,3,1,0,notifications,0,0,0,Medium
21,361,3,3,0,auth,1,1,0,Medium
4,37,9,4,0,notifications,0,1,0,Low
36,154,10,5,1,payments,0,0,0,Medium
1,7,19,0,0,search,0,1,1,Low
5,105,13,5,1,checkout,2,1,0,Low
1,93,10,3,0,checkout,0,1,1,Low
46,6051,11,6,1,notifications,0,0,0,High
4,189,16,1,0,notifications,0,0,1,Medium
10,356,0,1,0,notifications,0,1,1,Medium
4,123,9,2,0,search,0,1,0,Low
5,103,12,6,1,checkout,0,1,2,Medium
8,314,2,0,0,payments,0,1,1,Medium
13,146,0,0,0,auth,3,0,0,High
46,976,23,2,0,notifications,0,1,0,Medium
7,398,7,1,0,checkout,0,0,1,Medium
6,177,13,2,0,payments,0,1,0,Low
8,367,3,1,0,auth,1,0,1,High
1,43,21,6,1,reporting,0,0,0,Low
1,35,14,6,1,search,1,1,0,Low
34,1475,18,6,1,reporting,0,1,2,High
8,224,15,2,0,notifications,0,0,0,Low
15,256,3,4,0,search,0,1,0,Low
11,222,16,6,1,payments,0,1,0,Low
18,592,1,5,1,notifications,0,1,0,Low
58,2832,11,6,1,checkout,1,1,0,High
1,72,7,4,0,reporting,0,0,0,Low
13,226,0,4,0,payments,0,1,0,Low
25,511,15,3,0,notifications,1,1,0,Low
31,873,7,6,1,reporting,0,1,1,Low
12,106,4,4,0,notifications,0,0,0,Medium
8,40,17,6,1,payments,1,1,0,Low
23,902,23,1,0,search,0,1,1,Medium
9,847,5,4,0,auth,0,1,0,Low
12,14,9,3,0,auth,0,1,0,Low
18,92,14,3,0,reporting,0,1,0,Low
5,2,5,5,1,notifications,0,1,0,Low
5,138,3,4,0,payments,0,1,1,Medium
14,444,12,6,1,search,0,1,0,Low
9,746,8,5,1,checkout,1,1,0,Medium
2,92,14,1,0,search,0,1,1,Low
12,373,19,6,1,checkout,0,1,0,Low
4,103,17,2,0,reporting,1,0,0,Low
5,192,9,5,1,reporting,0,1,0,Low
4,198,16,0,0,search,0,0,0,Medium
24,354,5,2,0,auth,0,1,1,Medium
9,3,21,3,0,checkout,0,1,0,Low
22,335,0,4,0,reporting,0,1,2,Medium
9,360,3,6,1,search,0,1,0,Low
21,44,12,1,0,reporting,2,1,0,Low
36,116,2,6,1,reporting,0,0,1,Medium
21,315,8,5,1,checkout,0,1,0,Low
21,1065,5,0,0,search,0,1,0,Low
9,301,9,1,0,search,0,1,0,Low
4,327,10,0,0,checkout,0,0,0,Medium
18,540,17,1,0,auth,0,0,0,Medium
11,775,23,1,0,auth,0,1,1,Medium
11,191,16,6,1,notifications,0,1,1,Low
20,580,21,0,0,payments,0,1,0,Low
11,502,12,0,0,notifications,0,1,1,Low
12,1059,19,5,1,payments,1,1,0,Medium
89,1808,2,2,0,notifications,0,1,0,Medium
1,41,10,3,0,auth,1,1,0,Low
2,37,7,6,1,payments,1,0,0,Medium
8,243,5,6,1,checkout,0,1,0,Low
16,900,20,4,0,reporting,0,1,0,Low
6,37,11,0,0,auth,0,1,0,Low
3,64,17,5,1,reporting,0,1,0,Low
4,103,20,6,1,auth,0,1,0,Low
17,717,22,3,0,reporting,0,0,0,Medium
5,20,2,0,0,checkout,1,0,2,High
35,4902,17,2,0,auth,2,0,1,High
30,4564,14,2,0,checkout,0,0,0,High
23,507,20,1,0,notifications,0,1,0,Low
11,2,15,4,0,checkout,1,1,0,Low
20,602,19,3,0,notifications,1,1,0,Low
14,24,17,6,1,notifications,0,1,1,Low
1,49,8,6,1,reporting,0,1,0,Low
10,298,13,0,0,reporting,0,1,0,Low
19,874,5,4,0,notifications,0,0,0,Medium
39,826,11,1,0,notifications,0,1,0,Low
15,810,13,2,0,reporting,0,1,1,Low
25,3694,4,6,1,auth,1,1,1,High
7,18,16,1,0,payments,2,1,0,Low
1,102,19,0,0,checkout,0,0,1,Medium
5,245,7,6,1,checkout,0,1,0,Low
56,227,17,1,0,reporting,1,1,1,Low
15,97,9,3,0,reporting,0,1,0,Low
6,299,20,1,0,auth,0,1,0,Low
23,1141,14,1,0,checkout,2,1,0,Medium
18,502,15,2,0,auth,0,1,1,Medium
4,336,5,5,1,notifications,0,1,0,Low
7,226,5,2,0,search,0,0,0,Low
27,253,7,2,0,reporting,0,1,2,Medium
7,817,20,3,0,auth,0,1,0,Medium
31,1228,19,0,0,checkout,0,1,0,Low
39,84,7,6,1,notifications,0,0,0,Low
23,691,21,4,0,auth,0,1,1,Medium
1,21,7,1,0,notifications,0,0,1,Medium
15,128,21,3,0,payments,2,1,0,Medium
5,20,10,2,0,auth,0,0,0,Low
4,100,20,4,0,reporting,0,1,1,Low
7,1,7,5,1,notifications,0,1,0,Low
6,318,18,2,0,search,0,1,0,Low
12,165,18,2,0,auth,0,1,1,Low
72,1379,7,3,0,auth,1,1,0,Medium
37,208,21,4,0,auth,2,1,0,Low
43,1668,11,6,1,payments,1,1,0,Medium
6,36,1,3,0,reporting,1,0,0,Medium
20,397,14,5,1,auth,0,1,0,Low
7,50,14,2,0,search,0,1,0,Low
17,1018,9,4,0,payments,1,1,0,Medium
2,46,8,3,0,notifications,0,1,0,Low
30,218,12,4,0,notifications,0,1,2,Medium
7,31,11,6,1,payments,0,1,0,Low
3,128,20,5,1,payments,0,0,1,Medium
28,214,7,6,1,checkout,1,0,0,Medium
41,144,16,2,0,payments,2,1,0,Medium
19,62,22,2,0,notifications,0,1,0,Low
7,164,15,0,0,search,0,1,2,Low
12,110,14,3,0,reporting,0,1,1,Low
4,73,2,6,1,reporting,0,0,1,High
15,189,5,6,1,auth,0,0,0,High
27,85,5,4,0,auth,0,1,1,Medium
11,118,5,2,0,notifications,0,0,2,High
20,221,23,5,1,reporting,0,1,1,Medium
18,94,8,6,1,auth,1,1,0,Medium
3,59,14,6,1,payments,2,1,0,Medium
3,28,20,5,1,checkout,1,1,2,High
1,49,18,6,1,auth,3,1,0,Low
55,1071,14,4,0,reporting,0,1,1,Medium
4,44,7,5,1,checkout,0,1,0,Low
1,52,2,4,0,search,0,1,0,Low
25,903,19,5,1,payments,0,1,0,Medium
14,173,12,5,1,notifications,0,1,0,Low
6,36,5,3,0,reporting,1,1,0,Low
12,27,11,6,1,auth,0,1,3,High
13,668,20,1,0,auth,0,1,0,Low
4,314,23,6,1,payments,0,1,0,Medium
26,58,10,4,0,search,0,1,1,Low
6,216,21,3,0,auth,1,1,0,Low
22,173,7,4,0,payments,1,1,0,Low
19,72,1,1,0,auth,1,1,0,Medium
2,33,6,3,0,search,0,1,0,Low
51,62,4,4,0,search,0,1,0,Low
2,57,1,3,0,auth,0,1,1,Low
28,681,2,3,0,checkout,0,1,0,Medium
3,55,5,5,1,search,0,1,0,Low
39,628,1,2,0,checkout,0,1,0,Medium
34,34,16,6,1,search,0,1,1,Medium
8,220,7,2,0,payments,0,1,2,Medium
2,21,13,6,1,notifications,0,1,0,Low
14,438,2,3,0,search,0,1,0,Low
5,218,5,3,0,notifications,0,1,1,Medium
4,31,9,2,0,auth,0,1,0,Low
23,645,6,5,1,notifications,0,1,0,Low
12,89,13,0,0,search,0,1,1,Low
3,174,10,2,0,checkout,2,1,1,Medium
22,663,10,0,0,payments,1,1,0,Low
2,88,21,5,1,checkout,0,1,0,Low
2,184,14,6,1,reporting,1,1,0,Low
10,142,9,1,0,reporting,0,1,0,Low
8,80,11,5,1,checkout,1,1,0,Medium
13,294,2,3,0,checkout,0,1,0,Medium
8,79,2,0,0,notifications,0,1,0,Low
6,130,3,3,0,reporting,0,1,1,Low
18,187,22,5,1,auth,0,1,0,Medium
9,1244,9,5,1,payments,0,0,0,Medium
3,80,20,2,0,search,0,1,0,Low
21,1261,10,1,0,search,0,1,1,Low
24,543,13,0,0,search,0,1,0,Low
4,26,4,2,0,auth,0,0,0,Medium
3,42,14,4,0,notifications,0,1,2,Low
4,84,2,0,0,checkout,1,0,0,High
16,58,15,1,0,reporting,0,1,0,Low
3,56,13,5,1,payments,0,1,0,Low
2,27,18,3,0,notifications,0,1,0,Low
1,158,2,5,1,auth,1,1,0,Medium
14,74,11,2,0,checkout,0,1,1,Medium
18,1502,11,5,1,payments,1,1,0,Medium
20,247,19,2,0,checkout,0,0,0,Medium
9,183,22,3,0,search,1,1,1,Medium
9,67,0,2,0,reporting,0,1,0,Low
14,983,22,3,0,payments,1,1,0,High
13,99,20,4,0,checkout,0,1,0,Low
3,48,16,1,0,search,0,1,0,Low
2,19,7,2,0,notifications,0,1,0,Low
12,200,2,0,0,reporting,0,1,1,Medium
25,365,21,0,0,notifications,0,1,0,Low
4,61,12,0,0,reporting,0,1,0,Low
5,68,14,0,0,search,0,1,0,Low
5,54,22,4,0,checkout,1,1,0,Low
3,120,8,4,0,reporting,0,1,0,Low
4,88,9,1,0,search,0,0,0,Low
25,78,13,3,0,auth,2,0,0,High
4,370,9,2,0,reporting,0,1,0,Low
8,102,15,6,1,payments,0,0,1,High
17,454,18,2,0,payments,0,1,0,Low
32,300,6,5,1,notifications,0,1,0,Low
44,1256,22,5,1,payments,1,1,0,High
3,248,21,6,1,reporting,2,0,0,Medium
19,630,2,6,1,notifications,0,1,0,Medium
8,42,9,2,0,checkout,1,1,0,Low
10,471,2,4,0,search,1,1,1,Medium
15,184,14,6,1,reporting,0,0,0,Low
5,395,1,0,0,checkout,0,1,0,Low
3,75,5,5,1,reporting,1,1,1,Medium
10,151,2,0,0,checkout,1,1,0,Medium
6,280,19,4,0,notifications,0,1,1,Low
13,242,21,5,1,auth,0,1,1,Medium
6,62,10,0,0,notifications,0,1,1,Low
2,61,9,4,0,payments,0,0,0,Medium
32,1213,1,1,0,auth,0,0,2,High
12,1501,10,3,0,checkout,1,1,1,Medium
9,43,21,1,0,notifications,1,1,1,Low
19,2450,13,1,0,payments,3,1,1,High
2,180,20,5,1,checkout,0,1,0,Low
11,405,10,6,1,payments,2,1,2,High
19,111,4,3,0,search,0,1,0,Low
2,42,17,1,0,reporting,0,1,0,Low
29,91,1,6,1,auth,0,0,0,High
10,362,22,6,1,checkout,0,0,1,High
26,551,5,3,0,auth,0,1,0,Medium
5,111,9,0,0,notifications,0,1,0,Low
4,61,3,5,1,auth,1,1,0,Medium
13,648,4,5,1,notifications,0,1,0,Low
2,34,16,4,0,checkout,1,1,0,Low
33,704,16,0,0,auth,1,1,0,Low
46,1564,10,6,1,search,0,1,0,Medium
31,87,13,2,0,search,0,0,0,Low
22,904,10,4,0,payments,1,0,0,High
7,156,21,5,1,reporting,0,1,0,Low
7,190,6,5,1,payments,0,1,0,Low
21,338,19,5,1,search,0,0,1,Medium
15,463,20,1,0,search,0,1,1,Low
17,766,19,3,0,search,0,1,0,Low
6,459,5,2,0,checkout,1,1,0,Medium
6,61,15,2,0,notifications,0,0,0,Medium
5,219,22,4,0,checkout,0,1,0,Low
11,384,5,5,1,auth,1,0,0,High
2,108,18,1,0,payments,1,1,0,Low
35,753,1,4,0,search,0,1,0,Medium
11,208,20,3,0,search,0,0,0,Medium
9,283,20,6,1,reporting,0,1,1,Low
28,1393,11,1,0,auth,1,1,0,Medium
6,182,23,0,0,reporting,0,1,0,Low
4,109,9,0,0,auth,0,0,0,Medium
27,87,7,1,0,payments,1,1,0,Low
16,167,11,2,0,checkout,0,0,1,High
11,112,3,6,1,auth,1,1,0,Medium
3,82,21,2,0,checkout,0,1,0,Low
21,1282,17,1,0,checkout,2,1,0,Medium
22,322,12,0,0,checkout,0,1,0,Low
6,36,7,3,0,search,0,1,1,Low
1,56,12,4,0,checkout,0,0,0,Low
4,147,7,1,0,checkout,0,1,1,Low
37,478,4,1,0,auth,3,1,0,High
15,130,7,5,1,checkout,1,0,0,Medium
4,338,17,2,0,search,1,0,0,Low
29,990,8,4,0,reporting,0,1,0,Low
4,32,6,2,0,auth,0,0,0,Medium
17,37,22,3,0,reporting,0,1,0,Low
7,714,1,6,1,payments,1,0,0,High
42,365,3,0,0,notifications,0,1,1,Medium
4,35,14,0,0,search,0,1,0,Low
30,287,13,2,0,reporting,0,1,0,Low
7,494,22,6,1,auth,0,1,1,Medium
19,1958,7,4,0,payments,1,1,0,Medium
42,648,3,0,0,auth,0,0,0,Medium
24,2611,9,3,0,reporting,1,1,2,Medium
48,161,14,4,0,reporting,1,1,0,Low
13,28,12,3,0,reporting,0,1,0,Low
13,796,1,1,0,notifications,1,1,2,High
12,366,16,0,0,checkout,1,1,1,Medium
2,57,18,2,0,search,0,0,0,Low
8,88,14,5,1,search,0,0,1,Medium
21,157,6,2,0,search,0,0,0,Low
16,833,11,3,0,reporting,1,1,0,Low
5,459,17,6,1,checkout,0,1,1,Medium
6,129,22,6,1,search,0,1,0,Low
11,148,9,1,0,reporting,0,1,0,Low
13,1329,6,2,0,reporting,0,0,0,Medium
14,495,11,2,0,reporting,0,1,1,Low
2,30,15,6,1,payments,1,1,0,Medium
20,12,18,2,0,checkout,0,0,0,Medium
9,128,21,4,0,notifications,0,1,1,Low
6,46,1,2,0,payments,1,1,1,Medium
26,219,23,3,0,checkout,2,1,0,Medium
9,223,2,4,0,checkout,0,1,0,Low
15,277,10,0,0,checkout,0,1,0,Low
9,218,16,1,0,checkout,2,0,1,High
9,7,4,6,1,payments,1,1,1,High
6,89,11,5,1,auth,0,1,0,Low
32,616,15,3,0,notifications,1,1,0,Low
8,601,20,4,0,auth,0,1,1,Low
9,163,19,2,0,notifications,0,1,0,Low
1,48,17,6,1,notifications,0,1,0,Low
22,767,2,4,0,notifications,0,1,0,Low
10,659,17,6,1,search,0,0,1,Medium
10,120,12,5,1,auth,1,1,0,Medium
55,5597,20,5,1,auth,2,1,1,High
9,280,20,3,0,notifications,0,1,0,Low
12,281,9,6,1,checkout,2,1,0,Medium
28,27,15,0,0,reporting,0,0,0,Low
1,75,7,2,0,checkout,1,1,0,Low
6,236,0,4,0,auth,0,1,1,Medium
19,847,21,3,0,checkout,0,0,0,Medium
6,518,8,5,1,notifications,0,1,0,Low
1,86,3,6,1,notifications,0,1,0,Low
14,493,10,1,0,checkout,0,0,2,High
5,292,4,1,0,auth,1,0,0,High
4,106,15,0,0,reporting,0,1,0,Low
9,179,19,3,0,checkout,0,1,0,Low
3,26,21,6,1,auth,1,1,0,Low
11,63,13,5,1,payments,0,1,0,Low
18,154,18,2,0,search,0,1,1,Low
9,97,9,3,0,auth,2,1,0,Medium
5,349,13,4,0,payments,0,1,0,Low
2,124,13,5,1,notifications,0,1,0,Low
37,306,5,3,0,checkout,0,1,0,Medium
15,1709,8,5,1,auth,0,1,0,Medium
23,144,8,3,0,auth,0,1,0,Low
2,32,11,4,0,auth,0,1,0,Low
19,650,1,5,1,checkout,0,1,0,Medium
26,406,16,1,0,auth,2,0,0,High
2,21,20,4,0,notifications,0,1,0,Low
49,2327,18,2,0,checkout,0,1,0,Medium
1,40,17,0,0,auth,2,0,0,Medium
4,51,20,3,0,checkout,1,1,0,Medium
9,193,20,0,0,reporting,1,1,0,Low
36,17,8,4,0,search,0,1,0,Low
27,430,6,6,1,search,0,1,0,Low
6,7,12,6,1,auth,1,1,0,Low
29,367,18,3,0,notifications,0,1,0,Low
23,649,17,4,0,search,0,1,0,Low
4,86,22,5,1,auth,0,1,0,Low
19,175,22,5,1,auth,2,1,1,High
2,67,8,4,0,reporting,0,0,1,Low
2,93,19,5,1,notifications,1,1,1,Low
43,241,16,5,1,auth,0,1,0,Low
11,116,8,4,0,notifications,1,0,2,High
26,726,1,0,0,payments,1,1,0,Medium
15,64,11,4,0,reporting,0,1,0,Low
2,67,4,1,0,reporting,1,1,0,Low
9,40,17,0,0,checkout,3,1,1,Medium
8,108,22,6,1,notifications,0,1,1,Low
7,155,18,6,1,checkout,0,1,0,Low
1,28,0,0,0,checkout,3,1,0,Medium
10,105,6,3,0,notifications,0,1,0,Low
17,200,16,0,0,payments,0,1,0,Low
7,145,12,1,0,auth,1,0,1,High
20,210,9,1,0,payments,0,1,0,Low
12,109,8,5,1,search,0,1,0,Low
1,37,10,3,0,notifications,0,0,0,Low
17,113,17,6,1,notifications,0,1,0,Low
19,63,18,4,0,notifications,0,0,0,Low
1,20,2,4,0,notifications,0,1,0,Low
11,332,20,3,0,auth,1,0,1,High
1,48,4,2,0,checkout,0,1,0,Low
7,33,21,4,0,reporting,0,1,0,Low
11,35,11,2,0,reporting,0,0,0,Medium
5,33,5,0,0,auth,1,1,1,Medium
1,66,21,3,0,auth,0,0,0,Medium
6,235,9,2,0,reporting,0,1,1,Low
13,36,1,6,1,search,0,1,0,Low
2,229,11,6,1,payments,1,1,0,Low
8,222,13,2,0,auth,0,1,0,Low
3,130,11,2,0,payments,0,1,0,Low
15,451,13,4,0,payments,1,1,2,Medium
60,159,11,1,0,checkout,2,1,0,Medium
7,365,7,0,0,checkout,1,1,0,Medium
3,13,9,1,0,auth,0,1,1,Low
20,190,15,5,1,notifications,0,1,0,Low
1,25,11,4,0,payments,1,1,0,Low
13,347,5,0,0,notifications,0,1,0,Low
9,283,2,0,0,notifications,0,1,1,Low
2,6,23,2,0,reporting,0,1,0,Low
16,691,19,1,0,reporting,0,1,0,Low
1,62,15,4,0,auth,0,1,0,Low
4,231,16,3,0,auth,0,1,1,Low
38,896,7,4,0,reporting,0,1,0,Low
45,49,12,6,1,search,0,1,0,Low
21,217,21,0,0,reporting,0,1,0,Low
71,594,15,4,0,search,1,0,0,Medium
12,37,20,3,0,checkout,1,1,0,Low
3,74,11,3,0,payments,2,0,0,Medium
3,226,19,0,0,reporting,0,1,0,Low
23,464,22,3,0,payments,3,1,0,High
53,878,21,5,1,search,2,1,0,High
1,68,19,4,0,auth,4,1,0,Medium
27,742,14,3,0,auth,1,1,0,Medium
14,242,14,3,0,reporting,0,1,0,Low
14,157,22,3,0,payments,0,1,0,Low
1,22,6,3,0,payments,2,1,1,Medium
1,49,1,4,0,notifications,0,1,1,Medium
12,399,10,0,0,checkout,1,1,0,Low
7,376,10,6,1,reporting,0,1,1,Low
1,34,5,0,0,payments,1,1,0,Medium
3,74,0,2,0,checkout,0,1,1,High
7,35,3,1,0,checkout,1,1,0,Medium
18,396,22,3,0,payments,1,1,0,Medium
56,2427,7,1,0,notifications,2,1,0,High
6,55,23,5,1,notifications,0,0,0,Medium
36,43,10,6,1,payments,0,1,0,Low
2,11,3,1,0,search,0,0,0,Medium
1,76,21,1,0,payments,0,1,0,Low
16,592,13,3,0,search,0,1,0,Low
19,277,0,0,0,checkout,0,1,1,Medium
22,888,5,4,0,notifications,0,1,2,Medium
30,77,17,3,0,search,0,1,0,Low
3,57,23,4,0,payments,1,0,1,High
21,113,0,6,1,reporting,1,0,1,High
12,360,10,0,0,notifications,0,1,0,Low
7,112,2,3,0,search,0,0,0,Medium
21,608,1,0,0,payments,1,1,0,High
29,1179,20,3,0,notifications,0,0,0,Low
3,5,18,0,0,reporting,0,1,2,Low
1,42,7,3,0,checkout,1,1,0,Low
3,84,12,1,0,auth,1,1,0,Low
13,646,0,0,0,auth,1,0,0,High
14,99,8,3,0,reporting,0,0,0,Low
14,358,1,3,0,payments,0,1,0,Low
2,117,21,1,0,search,0,1,0,Low
6,170,17,3,0,payments,0,1,0,Low
43,2139,1,4,0,checkout,0,1,0,Medium
10,110,22,4,0,checkout,0,1,0,Low
12,472,14,2,0,payments,0,1,0,Low
2,12,19,3,0,payments,0,1,2,High
56,4709,17,3,0,auth,0,1,1,Medium
29,391,7,2,0,auth,1,1,0,Medium
14,467,8,3,0,reporting,0,1,0,Low
8,430,15,4,0,payments,1,1,0,Low
16,37,18,6,1,auth,0,1,0,Low
3,90,12,5,1,notifications,0,1,0,Low
3,75,4,3,0,payments,0,1,0,Low
44,2985,11,0,0,checkout,1,1,2,High
25,17,18,3,0,search,0,0,0,Low
4,168,20,6,1,search,1,1,0,Low
12,53,11,3,0,notifications,0,1,0,Low
17,212,12,3,0,auth,0,1,0,Low
1,22,9,0,0,reporting,0,0,0,Low
1,33,16,6,1,reporting,0,1,0,Low
9,11,19,6,1,reporting,0,1,0,Low
11,128,11,5,1,auth,0,1,2,High
29,260,19,5,1,reporting,0,1,0,Low
41,1878,22,5,1,checkout,0,1,0,High
40,880,17,0,0,notifications,0,0,0,Medium
4,182,18,6,1,payments,0,1,0,Low
5,238,1,2,0,notifications,1,1,1,Medium
21,197,12,3,0,checkout,0,1,0,Low
6,172,12,4,0,search,1,0,1,Medium
14,246,17,0,0,reporting,0,1,1,Low
6,98,21,5,1,reporting,0,0,0,Low
8,134,14,6,1,search,0,1,0,Low
3,63,7,4,0,search,0,0,0,Low
4,115,0,3,0,payments,1,1,0,Medium
1,47,14,3,0,auth,0,1,1,Low
1,45,17,3,0,reporting,0,0,0,Low
5,45,9,6,1,auth,1,1,0,Medium
18,108,23,1,0,search,0,1,0,Low
11,443,0,2,0,reporting,0,1,1,Low
13,256,21,0,0,auth,1,0,0,Medium
41,1302,5,3,0,reporting,0,1,0,Medium
5,73,14,5,1,reporting,0,1,0,Low
8,200,20,4,0,notifications,0,1,0,Low
33,389,18,4,0,auth,2,1,0,Medium
23,168,2,1,0,auth,0,1,1,Medium
22,817,6,2,0,notifications,0,1,0,Low
16,853,13,6,1,payments,1,1,1,Medium
44,2574,15,3,0,checkout,0,1,0,Medium
55,814,21,1,0,search,2,0,0,Medium
2,81,8,2,0,notifications,0,1,0,Low
52,1971,6,5,1,search,0,1,0,Low
10,190,23,5,1,search,1,1,0,Low
61,6181,12,5,1,payments,0,1,0,Medium
6,240,14,6,1,notifications,0,1,1,Low
22,2716,5,0,0,payments,0,1,0,High
27,1343,7,0,0,payments,3,1,0,High
16,209,1,3,0,payments,0,1,0,Medium
17,66,2,1,0,notifications,0,0,0,Medium
5,23,21,0,0,reporting,0,1,0,Low
12,206,18,6,1,notifications,0,1,0,Low
30,2175,20,2,0,auth,2,0,1,High
18,332,10,4,0,reporting,0,1,0,Low
1,32,20,0,0,auth,0,1,1,Low
32,960,11,5,1,search,0,1,0,Low
2,99,11,0,0,notifications,0,1,0,Low
12,162,6,4,0,payments,1,0,0,Medium
2,218,6,5,1,checkout,0,1,0,Low
1,29,5,6,1,notifications,0,1,0,Low
14,240,23,3,0,payments,1,1,0,Low
6,216,19,1,0,notifications,0,1,0,Low
16,67,14,6,1,payments,1,0,0,Medium
10,80,11,0,0,payments,1,1,0,Low
9,347,21,4,0,notifications,1,1,0,Low
12,202,5,4,0,notifications,2,1,0,Low
35,737,16,0,0,search,0,1,0,Low
7,93,15,1,0,reporting,0,0,0,Low
2,74,0,2,0,auth,0,0,2,High
18,89,23,3,0,checkout,0,0,1,High
5,220,0,0,0,search,0,0,3,High
2,76,19,2,0,auth,0,0,0,Medium
48,3170,1,1,0,payments,0,0,0,High
2,52,21,4,0,notifications,0,1,1,Low
4,49,19,3,0,auth,2,1,1,Medium
44,607,7,4,0,payments,1,1,0,Medium
1,30,0,5,1,checkout,2,0,0,High
46,1136,9,2,0,reporting,0,0,1,Medium
1,19,11,4,0,payments,0,1,0,Low
2,14,15,1,0,auth,3,1,0,Low
14,829,6,4,0,reporting,0,1,0,Low
35,435,19,2,0,checkout,0,1,0,Low
3,108,17,4,0,search,0,1,1,Low
14,128,4,4,0,reporting,1,1,0,Low
7,134,21,0,0,payments,0,1,0,Low
23,21,10,6,1,checkout,2,1,0,Medium
15,571,8,1,0,reporting,0,1,1,Low
22,134,13,0,0,notifications,1,0,1,High
10,58,17,0,0,notifications,0,1,0,Low
21,65,3,1,0,notifications,1,1,1,Medium
1,59,3,5,1,search,0,1,0,Low
28,13,22,6,1,search,0,1,1,Medium
64,1298,0,5,1,reporting,0,0,0,High
9,645,7,1,0,reporting,0,1,0,Low
11,359,13,2,0,search,0,1,0,Low
14,99,1,0,0,auth,1,1,1,High
49,1144,19,0,0,checkout,0,1,1,Medium
24,1092,14,4,0,reporting,0,0,0,Medium
35,631,5,5,1,search,1,0,0,High
29,513,0,3,0,notifications,0,1,0,Low
5,204,8,4,0,auth,0,1,1,Medium
11,531,6,6,1,payments,1,1,0,Medium
7,115,6,2,0,auth,1,0,0,Medium
13,57,19,6,1,auth,1,1,0,Medium
8,434,12,4,0,notifications,0,1,0,Low
27,465,12,6,1,search,0,1,1,Low
8,88,10,1,0,notifications,0,1,0,Low
15,166,11,0,0,auth,0,0,0,High
16,195,19,0,0,reporting,0,1,0,Low
13,255,15,0,0,notifications,1,1,0,Low
11,554,8,1,0,search,0,0,0,Medium
23,848,0,6,1,notifications,0,1,0,Medium
8,152,6,4,0,payments,1,1,0,Low
8,219,21,2,0,search,0,1,1,Low
26,980,23,4,0,reporting,0,1,0,Low
7,134,15,3,0,auth,1,1,3,High
2,95,2,3,0,reporting,0,1,1,Low
22,507,19,5,1,search,1,1,0,Low
61,1554,2,0,0,notifications,0,0,1,High
20,604,2,1,0,notifications,0,1,0,Low
17,80,21,0,0,checkout,0,1,1,Medium
5,89,19,1,0,payments,1,1,0,Low
26,82,1,6,1,payments,2,1,0,Medium
25,218,20,3,0,auth,0,0,0,Medium
4,7,6,2,0,reporting,0,1,0,Low
2,123,2,2,0,auth,0,0,2,High
19,7,11,0,0,notifications,0,1,1,Low
25,305,7,6,1,search,0,1,0,Low
7,120,1,4,0,notifications,0,1,0,Low
5,114,9,0,0,auth,0,1,1,Low
12,161,9,3,0,search,0,1,0,Low
56,1036,2,6,1,search,0,1,0,Medium
25,610,1,2,0,auth,1,1,0,Medium
10,101,6,0,0,payments,0,1,2,Medium
5,260,18,4,0,auth,1,0,1,High
6,166,21,1,0,notifications,0,1,0,Low
19,103,18,2,0,auth,1,0,0,Medium
19,270,13,0,0,notifications,1,1,1,Medium
4,29,0,6,1,payments,1,1,0,Medium
1,15,23,4,0,search,0,1,0,Low
2,27,7,2,0,checkout,0,1,0,Low
1,102,12,6,1,auth,1,1,0,Low
60,3928,11,2,0,payments,0,1,0,Medium
6,231,6,1,0,checkout,1,1,2,Medium
2,32,3,1,0,reporting,0,1,0,Low
20,314,4,6,1,notifications,0,1,0,Low
19,130,0,6,1,auth,0,1,0,Medium
24,78,11,3,0,search,0,1,0,Low
7,20,9,2,0,checkout,0,1,0,Low
3,102,12,5,1,payments,0,1,0,Low
1,21,9,4,0,search,0,1,0,Low
28,1271,21,1,0,auth,0,1,0,Low
1,42,18,6,1,notifications,0,0,0,Medium
5,17,2,1,0,auth,1,1,1,Medium
4,85,20,4,0,notifications,0,1,1,Low
21,517,20,2,0,checkout,1,1,0,Medium
3,24,22,3,0,auth,3,1,0,High
50,2209,16,4,0,search,1,0,0,High
3,23,4,0,0,checkout,1,0,0,Medium
2,38,14,2,0,auth,1,1,0,Low
6,154,11,3,0,payments,0,1,0,Low
6,135,6,3,0,checkout,0,0,0,Medium
7,103,4,4,0,checkout,0,0,0,Medium
10,56,4,2,0,checkout,0,1,0,Low
1,79,15,5,1,payments,0,1,0,Low
36,503,7,0,0,notifications,0,1,0,Low
9,80,19,3,0,reporting,0,1,0,Low
3,132,13,6,1,reporting,0,1,0,Low
44,166,23,4,0,payments,0,1,1,High
25,3404,20,6,1,notifications,0,0,0,Medium
3,181,21,4,0,payments,1,1,0,Low
40,2692,11,5,1,checkout,0,1,1,High
43,2150,19,3,0,auth,2,1,0,High
15,1003,5,4,0,checkout,0,1,2,High
10,84,4,4,0,checkout,0,1,0,Low
2,39,8,0,0,notifications,0,1,1,Low
12,121,3,3,0,checkout,0,0,0,Medium
25,656,3,6,1,reporting,0,0,0,Medium
8,147,15,4,0,auth,1,0,0,Medium
51,1470,10,0,0,checkout,2,1,0,Medium
30,72,20,1,0,auth,1,1,1,Medium
4,82,1,3,0,payments,1,1,0,Medium
21,435,0,6,1,payments,0,1,0,Medium
19,940,7,2,0,search,0,1,0,Low
9,540,1,1,0,auth,1,0,0,High
1,4,10,3,0,search,0,0,1,Low
9,176,21,5,1,checkout,0,1,1,Low
45,775,14,4,0,auth,1,1,0,Low
40,891,20,3,0,notifications,0,0,0,Medium
7,123,15,2,0,auth,1,1,3,High
1,26,9,6,1,search,0,1,0,Low
3,117,18,2,0,checkout,4,1,0,Medium
4,91,0,5,1,search,0,1,0,Low
50,1119,11,5,1,notifications,0,1,0,Low
11,388,21,3,0,reporting,0,1,0,Low
17,262,18,0,0,payments,0,1,1,Medium
43,1940,19,1,0,auth,0,1,0,Medium
10,126,13,4,0,search,0,1,0,Low
9,20,19,6,1,search,0,1,0,Low
21,121,13,6,1,search,1,1,0,Low
17,331,10,4,0,reporting,0,1,0,Low
3,59,21,4,0,reporting,0,0,0,Low
23,259,19,2,0,search,0,1,0,Low
1,33,20,0,0,notifications,0,0,0,Low
6,19,14,2,0,auth,0,1,0,Low
7,66,7,1,0,search,0,0,0,Low
29,322,0,6,1,search,0,0,0,Medium
7,35,5,4,0,reporting,0,1,0,Low
1,63,17,4,0,checkout,0,1,1,Medium
7,91,1,1,0,search,0,0,1,Medium
11,56,11,2,0,reporting,0,1,0,Low
2,55,7,5,1,reporting,0,1,1,Medium
16,507,14,2,0,auth,0,0,0,Medium
24,1494,12,0,0,reporting,0,1,1,Low
8,69,1,0,0,notifications,1,1,0,Low
1,91,22,2,0,search,0,0,0,Medium
31,910,8,5,1,reporting,1,0,1,Medium
27,112,11,2,0,payments,1,0,0,Medium
14,313,22,1,0,reporting,1,1,0,Low
4,51,7,3,0,checkout,1,0,0,Medium
23,1545,19,1,0,payments,0,0,0,Medium
7,104,21,5,1,checkout,0,1,0,Low
1,68,20,0,0,payments,1,1,0,Low
15,208,19,6,1,payments,1,1,0,Medium
23,375,11,1,0,search,0,0,0,Low
10,253,22,4,0,search,0,1,1,Low
1,55,14,0,0,auth,1,1,0,Low
13,117,16,5,1,payments,2,0,1,High
31,515,18,5,1,auth,1,0,1,High
7,228,8,5,1,checkout,0,1,1,Medium
6,559,15,4,0,search,0,1,0,Low
46,837,15,6,1,notifications,0,1,0,Low
19,186,6,5,1,checkout,2,1,0,Medium
11,8,1,6,1,payments,1,1,0,Medium
41,1267,12,0,0,auth,1,1,0,Medium
59,374,23,6,1,search,0,1,0,Medium
26,501,23,1,0,reporting,0,1,0,Low
7,506,0,6,1,reporting,0,1,0,Low
1,47,11,6,1,notifications,0,1,1,Low
17,952,5,6,1,checkout,1,1,1,High
5,217,10,2,0,auth,0,0,0,Medium
8,44,9,6,1,auth,0,1,0,Low
16,675,12,4,0,search,0,0,0,Medium
5,105,17,3,0,reporting,0,1,0,Low
7,56,6,4,0,reporting,1,1,0,Low
12,311,7,6,1,checkout,0,1,0,Low
10,1212,4,3,0,payments,3,0,0,High
4,223,2,6,1,reporting,0,0,0,Medium
8,34,21,1,0,notifications,0,1,1,Low
8,47,5,5,1,notifications,1,1,0,Low
26,432,11,1,0,notifications,1,1,0,Low
22,134,9,3,0,notifications,0,1,0,Low
28,531,20,4,0,reporting,1,1,0,Low
27,346,14,1,0,search,0,0,0,Medium
3,59,2,2,0,auth,1,1,0,Medium
48,481,7,0,0,checkout,1,1,1,Medium
27,1181,9,1,0,payments,1,0,0,High
24,2081,0,4,0,checkout,0,1,1,High
29,529,1,4,0,search,1,1,0,Low
19,232,20,2,0,notifications,0,1,0,Low
11,1245,21,6,1,payments,2,0,0,High
22,336,4,5,1,checkout,1,1,0,Medium
28,1005,15,0,0,notifications,0,0,0,Medium
30,85,7,0,0,payments,0,1,1,Medium
12,565,20,1,0,search,0,0,1,Medium
14,557,9,2,0,checkout,1,1,0,Low
1,46,0,2,0,auth,0,0,0,Medium
7,43,22,2,0,payments,1,1,0,Medium
8,34,16,0,0,auth,0,1,0,Low
4,92,21,6,1,payments,0,1,0,Low
5,134,6,0,0,checkout,0,1,1,Low
99,2423,19,2,0,auth,0,0,0,High
6,239,21,1,0,reporting,0,1,0,Low
2,190,14,3,0,search,1,1,1,Low
7,16,20,1,0,notifications,0,1,0,Low
9,151,3,5,1,payments,3,1,0,High
16,192,8,3,0,auth,0,1,0,Low
25,1447,14,4,0,payments,0,1,0,Low
7,32,16,4,0,reporting,0,0,0,Low
2,195,11,6,1,payments,0,1,0,Low
1,126,17,1,0,payments,1,1,0,Low
8,115,14,4,0,notifications,0,1,1,Low
9,134,13,2,0,payments,0,1,0,Low
6,245,4,2,0,reporting,0,0,0,Medium
27,83,9,5,1,checkout,3,1,0,High
7,193,3,1,0,payments,1,1,0,Low
19,105,9,5,1,notifications,0,1,0,Low
1,27,21,1,0,search,0,0,0,Low
19,105,20,3,0,reporting,0,1,0,Low
23,125,6,3,0,checkout,0,0,0,Medium
19,160,22,1,0,notifications,2,1,0,Low
4,102,18,5,1,payments,1,1,0,Low
37,300,2,1,0,reporting,0,1,1,Medium
17,56,5,6,1,auth,1,1,0,Medium
47,766,20,6,1,auth,0,0,0,High
26,529,3,0,0,notifications,0,1,1,Medium
23,389,18,1,0,checkout,1,1,1,Medium
11,121,12,3,0,payments,0,0,0,Low
6,97,23,6,1,payments,0,1,1,Medium
13,113,18,6,1,notifications,0,1,0,Low
7,73,11,5,1,payments,1,1,1,Medium
4,100,5,3,0,checkout,1,1,1,High
3,275,7,2,0,payments,1,1,1,Medium
23,799,15,5,1,notifications,0,1,1,Medium
27,715,12,2,0,payments,1,1,1,Low
64,448,16,3,0,payments,1,1,0,Medium
26,45,6,1,0,notifications,0,0,0,Medium
9,381,17,0,0,reporting,1,1,1,Low
2,78,7,4,0,payments,0,1,0,Low
1,35,5,3,0,search,1,1,0,Low
9,87,9,5,1,checkout,1,1,0,Low
2,52,22,1,0,search,0,1,0,Low
18,108,19,0,0,notifications,0,1,0,Low
8,448,4,6,1,auth,1,1,0,Medium
27,756,20,0,0,payments,0,1,0,Medium
16,1451,6,6,1,reporting,1,1,0,Low
12,829,6,4,0,payments,1,1,0,Low
6,126,5,0,0,reporting,0,1,0,Low
13,596,21,4,0,checkout,0,1,1,Medium
4,43,13,4,0,auth,2,0,0,Medium
3,91,5,3,0,notifications,1,1,0,Low
1,10,18,5,1,reporting,0,0,1,Medium
12,32,2,6,1,search,0,1,0,Low
13,1304,22,5,1,search,0,1,0,Low
2,102,23,5,1,search,0,1,1,Medium
13,891,19,1,0,auth,0,1,0,Low
58,2230,5,4,0,auth,1,1,0,High
3,76,10,3,0,auth,2,1,0,Low
15,68,19,5,1,search,0,0,0,Low
6,93,6,0,0,payments,2,0,2,High
8,116,15,5,1,reporting,0,0,0,Low
16,607,10,2,0,reporting,0,0,0,Low
13,227,9,2,0,auth,2,1,0,Medium
37,2061,21,1,0,payments,0,0,1,High
6,127,5,6,1,checkout,1,1,1,Medium
4,27,18,6,1,search,1,1,0,Low
9,366,18,6,1,payments,0,1,0,Medium
4,28,15,6,1,reporting,1,0,2,High
9,41,1,6,1,auth,0,1,1,Medium
1,43,18,3,0,reporting,0,1,0,Low
51,679,16,6,1,payments,0,1,0,Medium
60,619,21,1,0,search,0,1,0,Low
2,25,5,2,0,notifications,0,0,1,High
16,46,12,5,1,reporting,0,0,0,Low
2,68,3,3,0,search,0,1,0,Low
2,30,21,5,1,checkout,0,1,2,Medium
3,95,19,2,0,search,0,1,2,Medium
15,287,21,6,1,notifications,0,1,0,Low
11,41,12,6,1,reporting,0,0,1,Medium
15,527,6,6,1,auth,0,1,0,Low
15,155,17,4,0,search,0,0,1,Medium
5,197,2,2,0,search,1,0,0,Medium
11,563,7,4,0,auth,3,1,0,High
18,604,12,0,0,reporting,0,1,1,Low
7,377,5,1,0,search,0,0,0,Low
1,52,11,6,1,notifications,0,1,0,Low
28,1868,0,5,1,checkout,2,1,0,High
31,97,12,4,0,payments,2,0,0,Medium
8,116,4,1,0,payments,1,1,0,Low
25,539,22,4,0,payments,1,0,0,High
1,36,12,6,1,search,0,0,1,Medium
1,77,10,4,0,notifications,0,1,0,Low
36,335,17,2,0,payments,1,1,0,Medium
13,58,22,0,0,checkout,1,0,2,High
13,116,23,6,1,reporting,0,1,2,High
6,101,8,0,0,reporting,0,0,0,Low
12,195,0,3,0,search,0,0,0,Medium
15,429,5,2,0,reporting,0,0,2,High
7,181,0,2,0,reporting,0,1,0,Low
16,19,18,1,0,search,0,0,0,Low
56,2831,22,4,0,checkout,0,0,0,High
1,74,23,2,0,payments,2,1,0,Medium
15,106,6,3,0,search,1,1,1,Low
2,52,5,1,0,notifications,0,1,0,Low
6,319,3,0,0,checkout,0,0,0,High
70,1843,6,1,0,auth,0,1,1,Medium
17,296,21,1,0,auth,1,0,1,High
5,95,12,4,0,payments,0,1,2,Medium
7,313,13,5,1,auth,1,1,0,Low
9,99,18,6,1,notifications,1,1,1,Low
5,19,15,1,0,checkout,1,1,0,Low
6,48,3,6,1,notifications,0,1,1,Medium
19,157,16,0,0,checkout,0,1,0,Low
13,681,7,5,1,reporting,1,1,1,Medium
9,107,22,0,0,checkout,2,1,1,High
46,2318,12,2,0,reporting,0,1,0,Low
19,30,17,6,1,search,0,1,0,Low
1,38,14,5,1,checkout,1,1,0,Low
5,97,13,0,0,search,0,0,0,Low
34,44,4,2,0,auth,0,1,1,Medium
8,61,12,3,0,notifications,0,1,0,Low
10,99,8,1,0,reporting,0,1,0,Low
34,246,4,3,0,checkout,0,1,1,Medium
3,71,7,5,1,search,1,0,0,High
15,195,4,0,0,auth,0,0,1,High
22,137,0,0,0,payments,1,1,0,Medium
8,97,14,3,0,payments,1,0,0,Medium
5,205,9,0,0,payments,1,1,0,Low
9,143,23,6,1,checkout,0,1,0,Medium
19,419,6,6,1,reporting,0,0,0,Low
29,302,1,4,0,auth,0,0,2,High
20,245,3,5,1,auth,0,1,0,Medium
12,363,17,0,0,notifications,0,1,1,Low
6,76,14,1,0,auth,1,1,0,Low
20,392,3,6,1,payments,0,1,0,Medium
7,58,10,5,1,search,0,1,0,Low
1,91,8,1,0,checkout,0,1,0,Low
16,93,20,4,0,checkout,1,1,0,Low
24,576,4,5,1,payments,1,0,1,High
33,245,14,4,0,checkout,2,0,1,High
4,20,9,4,0,reporting,0,1,0,Low
17,123,13,5,1,checkout,0,1,0,Low
17,60,15,2,0,reporting,0,0,1,Medium
27,820,2,3,0,checkout,1,1,0,Medium
1,104,5,4,0,checkout,1,1,0,Medium
11,970,6,1,0,reporting,0,0,0,Medium
12,39,6,5,1,auth,2,1,0,Medium
24,202,4,5,1,payments,1,1,1,High
2,191,12,6,1,reporting,1,1,0,Low
5,320,2,4,0,notifications,1,0,0,Medium
14,295,18,4,0,notifications,0,1,0,Low
30,89,18,0,0,reporting,0,1,0,Low
6,148,9,4,0,search,0,1,0,Low
16,1066,22,0,0,notifications,0,0,2,High
15,135,1,4,0,reporting,0,1,0,Low
2,160,5,2,0,notifications,1,1,0,Low
10,45,8,1,0,notifications,3,1,0,Low
121,511,19,0,0,search,0,0,0,Medium
29,265,19,1,0,auth,0,0,1,High
20,76,21,1,0,notifications,0,1,0,Low
10,215,8,3,0,checkout,1,1,0,Low
13,96,4,3,0,notifications,0,0,0,Medium
21,416,5,1,0,notifications,0,1,0,Low
4,85,10,2,0,notifications,0,0,0,Low
5,283,9,3,0,checkout,2,0,0,High
1,60,0,0,0,reporting,0,1,0,Low
25,1821,11,1,0,search,0,0,0,Medium
39,1242,6,5,1,payments,0,1,0,Medium
25,2759,3,6,1,payments,1,1,0,High
5,169,4,6,1,auth,0,1,0,Low
37,432,1,2,0,reporting,0,1,0,Low
3,169,2,4,0,checkout,0,1,0,Medium
13,221,16,6,1,checkout,1,1,0,Low
6,187,4,3,0,reporting,0,0,0,Medium
6,88,2,2,0,search,0,1,0,Low
1,57,12,4,0,search,0,0,0,Low
7,195,10,3,0,reporting,0,1,0,Low
29,1083,2,1,0,auth,1,1,0,Medium
24,99,16,0,0,reporting,0,1,0,Low
7,349,8,6,1,checkout,0,1,0,Low
43,216,3,5,1,payments,0,1,1,High
6,130,20,6,1,notifications,0,1,0,Low
13,316,10,5,1,reporting,0,1,0,Low
36,1429,7,5,1,notifications,0,1,0,Low
7,14,0,2,0,search,0,0,1,Medium
11,268,0,0,0,reporting,1,1,0,Medium
6,53,20,0,0,auth,0,1,0,Low
2,61,7,5,1,reporting,0,0,0,Medium
15,74,2,2,0,notifications,0,1,0,Low
17,4,8,4,0,search,0,1,1,Low
29,626,8,4,0,checkout,1,0,0,Medium
8,452,18,5,1,payments,0,1,0,Low
4,297,6,6,1,checkout,0,1,0,Low
6,62,2,5,1,reporting,0,1,1,Medium
45,464,19,1,0,reporting,0,0,0,Medium
20,60,8,1,0,payments,0,1,0,Low
2,19,9,4,0,payments,0,1,1,Low
6,32,7,4,0,payments,1,1,0,Low
1,68,8,2,0,auth,0,1,1,Low
27,236,3,1,0,checkout,0,1,0,Medium
8,135,11,2,0,reporting,0,0,2,Medium
3,147,9,3,0,payments,1,1,0,Low
22,354,10,5,1,reporting,0,0,0,Medium
60,625,7,3,0,auth,1,1,1,Medium
4,21,16,4,0,auth,1,1,0,Medium
26,2965,18,4,0,checkout,0,1,0,Low
20,184,7,2,0,payments,1,0,1,High
4,90,8,5,1,search,0,0,0,Low
6,426,2,4,0,auth,0,1,0,Low
43,775,22,5,1,payments,1,1,0,High
10,434,1,4,0,search,1,1,0,Low
9,167,2,6,1,checkout,0,0,1,High
8,851,19,6,1,search,0,0,0,Medium
13,148,8,6,1,search,0,1,0,Low
8,379,8,4,0,search,0,1,2,Medium
2,40,13,3,0,checkout,1,1,0,Low
20,629,20,4,0,notifications,0,1,0,Low
2,50,0,1,0,payments,2,1,1,Medium
1,59,22,2,0,notifications,0,1,0,Low
3,138,3,1,0,checkout,0,0,0,Medium
28,608,16,4,0,search,0,1,0,Low
8,379,11,6,1,auth,0,1,1,Medium
9,132,4,6,1,notifications,0,0,0,Medium
20,833,15,6,1,payments,1,0,0,Medium
2,44,9,6,1,notifications,0,1,1,Low
9,56,2,1,0,reporting,0,1,0,Low
11,38,4,5,1,notifications,0,1,0,Low
24,700,20,4,0,checkout,0,1,1,Low
4,119,14,4,0,payments,2,0,1,High
2,117,9,6,1,checkout,1,1,0,Low
5,35,6,0,0,reporting,0,0,0,Low
9,635,15,4,0,notifications,0,1,0,Low
8,895,23,1,0,notifications,1,1,0,Medium
1,51,18,4,0,reporting,0,0,1,Low
30,4960,13,3,0,checkout,0,1,1,Medium
1,50,0,6,1,payments,1,1,0,Low
2,138,8,0,0,reporting,0,0,0,Low
22,87,4,6,1,checkout,2,1,0,Medium
63,1282,14,1,0,reporting,0,0,0,High
5,59,16,0,0,search,0,1,0,Low
11,407,2,6,1,search,0,1,0,Low
26,520,5,4,0,notifications,0,1,0,Low
27,1808,18,0,0,payments,0,0,0,Medium
3,203,15,3,0,payments,0,0,1,Medium
44,814,21,6,1,notifications,0,1,0,Low
17,536,14,6,1,search,0,1,1,Low
4,84,19,3,0,search,0,1,1,Low
9,269,16,0,0,payments,1,1,1,Low
8,61,7,4,0,reporting,2,1,0,Low
19,1637,6,6,1,reporting,0,1,0,Low
22,245,19,6,1,reporting,0,0,1,Medium
7,514,21,1,0,auth,1,0,0,Medium
23,70,7,6,1,auth,1,1,0,Low
35,1499,7,5,1,checkout,1,1,0,Medium
37,31,12,6,1,payments,1,1,0,Medium
19,604,2,0,0,payments,0,1,0,Low
2,63,12,6,1,search,0,1,2,Low
16,375,14,0,0,notifications,0,1,0,Low
13,556,23,6,1,notifications,1,1,2,Medium
4,53,11,1,0,checkout,1,0,0,Medium
20,584,3,0,0,reporting,0,0,0,Medium
30,677,2,5,1,payments,1,1,0,Medium
19,1070,21,4,0,search,0,1,1,Medium
3,19,11,2,0,checkout,0,1,0,Low
29,840,1,4,0,search,2,1,0,Medium
32,112,20,6,1,auth,0,1,0,Low
30,424,19,6,1,checkout,1,1,0,Medium
2,51,22,3,0,reporting,0,1,1,Low
6,194,2,0,0,checkout,1,1,0,Medium
31,446,10,1,0,payments,0,0,1,Medium
37,2294,7,5,1,auth,1,1,0,Medium
21,430,21,0,0,notifications,0,0,1,Medium
24,838,1,5,1,auth,1,0,0,High
2,71,2,1,0,payments,0,1,0,Low
11,164,3,5,1,auth,0,1,1,Medium
16,1073,10,6,1,search,0,1,0,Low
3,271,22,0,0,search,0,1,0,Low
1,38,22,4,0,reporting,0,1,0,Low
5,207,5,1,0,notifications,0,0,1,Medium
7,424,20,1,0,auth,0,0,0,Medium
6,78,19,6,1,reporting,0,1,1,Low
7,247,13,5,1,reporting,0,1,1,Low
4,102,20,1,0,reporting,0,1,0,Low
32,1467,9,4,0,checkout,0,0,0,High
4,84,16,6,1,payments,1,1,0,Low
17,382,14,1,0,auth,0,1,0,Low
5,235,12,5,1,reporting,0,1,0,Low
2,67,8,1,0,auth,0,1,0,Low
5,311,16,0,0,notifications,0,1,1,Low
36,185,16,5,1,reporting,0,1,2,Low
17,1580,22,1,0,checkout,3,1,2,High
9,190,0,0,0,reporting,0,1,0,Low
8,168,7,2,0,payments,1,1,0,Low
4,67,13,1,0,reporting,1,0,1,Medium
32,544,6,2,0,payments,0,0,1,High
12,515,21,6,1,reporting,0,0,2,High
23,253,9,1,0,auth,1,1,0,Low
40,1242,5,2,0,reporting,0,1,1,Medium
16,1739,3,0,0,auth,1,1,0,Medium
8,929,9,2,0,notifications,1,1,0,Low
14,177,11,4,0,auth,1,1,0,Low
15,441,13,4,0,reporting,0,1,0,Low
53,166,22,6,1,search,0,1,1,Medium
15,1607,21,0,0,search,0,1,0,Low
3,82,22,0,0,notifications,1,1,0,Low
24,32,17,6,1,notifications,1,1,0,Low
24,409,10,0,0,payments,0,1,0,Low
3,172,8,0,0,checkout,4,1,1,High
35,356,14,3,0,reporting,0,1,1,Medium
48,361,18,0,0,notifications,0,1,1,Low
12,88,2,6,1,payments,0,1,0,Medium
1,48,6,3,0,checkout,0,1,0,Low
7,709,4,1,0,payments,1,1,0,Medium
14,108,23,0,0,auth,0,1,0,Low
7,40,4,4,0,auth,0,1,0,Medium
2,0,14,3,0,search,0,1,1,Low
4,109,13,2,0,notifications,2,1,0,Low
5,48,6,5,1,search,0,1,0,Low
18,220,14,1,0,reporting,0,1,0,Low
8,19,15,2,0,notifications,0,1,1,Low
19,57,17,3,0,payments,1,0,0,Medium
6,58,1,5,1,reporting,1,1,0,Low
69,314,10,4,0,reporting,0,1,0,Low
14,60,13,3,0,notifications,1,0,0,Low
16,31,12,6,1,search,0,1,1,Low
34,949,5,4,0,reporting,0,0,0,High
10,49,14,0,0,auth,0,1,1,Low
22,286,20,1,0,payments,1,0,0,Medium
11,130,8,2,0,notifications,0,1,0,Low
3,33,19,5,1,reporting,0,1,1,Low
16,217,17,5,1,auth,0,1,0,Low
13,262,5,2,0,search,0,0,0,Medium
1,31,9,6,1,payments,1,1,1,Medium
16,354,3,5,1,auth,0,1,1,Medium
1,36,10,0,0,search,0,1,1,Low
21,253,3,4,0,checkout,0,1,0,Medium
38,488,19,4,0,auth,0,1,0,Low
5,62,13,4,0,checkout,1,1,1,Low
14,316,3,5,1,reporting,0,1,1,Medium
4,26,6,5,1,checkout,0,1,0,Low
9,225,9,3,0,reporting,0,1,0,Low
3,162,18,0,0,notifications,0,1,0,Low
10,95,14,4,0,reporting,0,1,0,Low
2,50,11,3,0,auth,1,1,1,Medium
6,70,22,4,0,auth,2,1,1,High
17,389,16,5,1,payments,0,1,0,Low
25,835,16,1,0,checkout,0,0,0,Medium
3,100,4,2,0,checkout,0,1,0,Low
7,219,21,1,0,reporting,0,1,0,Low
39,1385,23,6,1,auth,0,1,0,High
1,121,17,5,1,search,0,0,2,High
46,2020,6,0,0,search,0,1,0,Low
6,133,20,4,0,checkout,1,1,1,Medium
61,676,9,5,1,reporting,0,1,0,Low
7,72,11,1,0,search,0,0,1,Medium
12,90,8,0,0,search,0,1,1,Medium
11,446,16,5,1,notifications,0,1,1,Low
10,81,23,3,0,checkout,0,1,0,Low
27,377,8,3,0,payments,0,1,0,Medium
13,783,14,1,0,auth,0,0,1,Medium
21,79,10,5,1,payments,0,1,0,Low
9,117,2,6,1,search,0,0,1,Medium
35,1390,7,0,0,reporting,0,1,1,Medium
29,523,18,6,1,notifications,0,1,0,Low
5,160,18,0,0,search,0,1,0,Low
26,543,21,4,0,notifications,0,1,1,Low
4,41,12,5,1,checkout,0,1,1,Medium
6,103,14,4,0,payments,1,0,0,Medium
1,35,2,0,0,reporting,0,1,0,Low
31,113,12,3,0,reporting,0,1,0,Low
11,61,14,0,0,reporting,0,0,0,Low
1,85,21,0,0,reporting,0,0,1,Medium
1,140,2,5,1,search,0,1,0,Low
60,5081,15,4,0,payments,1,1,0,High
49,411,4,6,1,reporting,0,1,0,Low
12,43,17,1,0,auth,0,1,0,Low
6,76,15,0,0,checkout,0,1,0,Low
12,1145,7,5,1,checkout,1,0,1,High
102,2167,18,2,0,search,0,1,1,High
24,227,23,6,1,payments,0,1,0,Medium
5,138,23,6,1,auth,0,0,1,Medium
18,132,11,6,1,auth,0,1,0,Low
2,75,16,2,0,search,0,0,0,Low
36,5476,12,1,0,checkout,0,1,1,High
28,6,12,1,0,checkout,0,1,0,Low
9,201,3,6,1,payments,0,1,0,Medium
2,56,6,6,1,search,0,1,2,Medium
13,4,0,2,0,reporting,0,1,1,Low
2,86,15,5,1,payments,2,1,0,Medium
1,9,19,6,1,search,0,1,0,Low
12,709,9,4,0,checkout,1,0,1,High
20,718,22,0,0,checkout,1,1,0,Medium
29,176,5,6,1,reporting,1,1,0,Low
13,625,1,6,1,payments,0,1,0,Medium
11,84,19,1,0,reporting,1,0,0,Low
28,681,5,2,0,auth,0,1,1,Medium
2,110,23,1,0,notifications,0,1,0,Low
5,38,9,0,0,auth,1,1,0,Medium
42,801,13,2,0,reporting,0,1,0,Low
16,74,6,2,0,search,0,0,0,Low
2,50,19,0,0,payments,1,1,0,Low
5,182,9,0,0,search,1,1,0,Low
41,914,5,3,0,notifications,0,1,0,Low
13,1061,12,2,0,notifications,0,1,0,Low
54,1743,9,0,0,checkout,1,1,1,High
16,305,10,4,0,reporting,0,1,0,Low
2,54,17,1,0,payments,0,1,0,Low
17,19,8,6,1,notifications,0,0,0,Low
4,232,23,0,0,checkout,1,1,0,Medium
6,207,2,3,0,checkout,0,1,0,Low
31,805,14,2,0,payments,1,0,0,High
5,87,17,4,0,auth,0,0,0,Medium
24,528,7,4,0,auth,1,0,1,High
12,321,5,3,0,notifications,0,1,1,Medium
7,116,11,6,1,checkout,1,0,0,High
8,91,3,0,0,search,0,1,0,Low
7,550,13,5,1,search,0,1,0,Low
20,344,8,4,0,notifications,0,1,1,Low
7,273,13,4,0,payments,1,0,0,Medium
4,87,17,1,0,reporting,1,1,0,Low
26,415,20,6,1,search,0,1,0,Low
15,20,22,2,0,notifications,0,0,0,Medium
6,77,1,5,1,search,1,1,0,Low
121,1461,23,3,0,payments,0,1,0,High
1,106,13,6,1,notifications,0,0,0,Low
5,93,6,4,0,reporting,0,1,1,Low
26,1692,1,1,0,payments,0,1,0,Medium
17,1160,11,4,0,reporting,0,0,0,Medium
2,178,3,2,0,notifications,2,1,1,Medium
12,36,3,6,1,payments,0,1,0,Medium
8,61,17,6,1,auth,2,1,2,High
2,92,14,3,0,reporting,0,1,1,Low
7,179,11,6,1,notifications,0,0,0,Low
46,2177,18,3,0,notifications,0,1,1,Medium
17,114,13,0,0,auth,2,1,0,Medium
1,49,2,3,0,reporting,1,1,0,Low
1,107,0,4,0,payments,1,1,0,Medium
18,148,15,0,0,checkout,3,0,0,High
3,179,21,1,0,auth,0,1,0,Low
1,58,21,6,1,payments,0,1,0,Low
9,211,10,6,1,checkout,0,1,0,Low
16,369,11,3,0,notifications,0,1,0,Low
14,294,15,3,0,notifications,1,1,0,Low
10,553,22,2,0,payments,2,1,1,High
15,40,1,6,1,notifications,0,1,0,Low
24,119,15,6,1,auth,1,1,0,Low
45,390,4,2,0,search,0,0,0,Medium
10,34,22,5,1,reporting,1,1,1,Medium
6,53,17,4,0,auth,0,0,0,Low
45,3495,4,0,0,reporting,0,1,0,Medium
37,1620,23,4,0,auth,1,1,0,High
2,61,12,1,0,search,0,1,0,Low
13,117,18,6,1,auth,0,1,1,Low
8,94,4,4,0,reporting,0,1,0,Low
5,47,16,2,0,search,0,1,0,Low
5,85,15,6,1,payments,3,1,0,High
32,1553,19,0,0,reporting,1,0,0,Medium
1,30,13,1,0,checkout,0,1,0,Low
9,453,21,4,0,auth,0,1,2,Medium
16,1156,14,5,1,auth,0,1,1,Medium
13,351,9,3,0,notifications,1,1,2,Medium
1,36,7,6,1,checkout,0,0,0,Medium
2,48,19,3,0,payments,0,1,0,Low
6,57,23,4,0,notifications,0,1,0,Low
11,328,12,2,0,checkout,0,0,0,Low
46,779,5,1,0,search,0,0,1,High
28,239,3,1,0,auth,1,1,1,High
5,214,23,0,0,checkout,1,1,0,Medium
29,135,2,6,1,payments,2,0,0,High
1,56,9,4,0,reporting,0,1,0,Low
18,195,18,0,0,notifications,0,1,1,Low
5,22,4,6,1,auth,1,1,0,Medium
2,34,7,6,1,payments,2,1,0,Medium
23,2104,0,2,0,auth,3,1,0,High
16,238,0,1,0,checkout,0,1,0,Medium
2,120,1,4,0,payments,2,1,0,Medium
7,346,4,3,0,auth,0,1,1,Medium
5,149,0,4,0,reporting,0,0,0,Medium
23,169,22,1,0,reporting,0,0,0,Medium
26,226,18,6,1,reporting,0,1,0,Low
11,194,9,5,1,reporting,0,1,0,Low
30,153,4,0,0,payments,0,1,1,Medium
17,512,23,5,1,checkout,0,1,1,Medium
26,387,6,2,0,reporting,0,0,0,Medium
50,450,21,4,0,checkout,0,1,0,Low
25,258,2,0,0,search,0,1,2,Medium
21,184,0,3,0,checkout,1,1,0,Low
12,367,0,1,0,payments,2,1,1,Medium
26,94,20,5,1,search,0,0,0,Medium
7,44,1,6,1,payments,1,1,0,Medium
11,406,16,1,0,reporting,0,1,0,Low
7,65,21,4,0,search,1,1,0,Low
17,161,23,1,0,payments,1,1,0,Medium
22,986,14,0,0,notifications,0,1,0,Low
2,34,10,6,1,payments,1,1,2,Medium
57,357,12,3,0,payments,1,1,0,Medium
10,375,2,2,0,search,0,1,0,Low
11,199,10,0,0,notifications,0,1,0,Low
33,1210,13,2,0,search,0,1,1,Medium
1,116,8,2,0,search,1,1,0,Low
19,2081,22,2,0,notifications,0,0,0,Medium
1,37,23,4,0,notifications,0,1,4,High
25,1397,5,3,0,search,0,1,0,Low
21,297,11,3,0,auth,1,1,2,Medium
27,467,16,2,0,notifications,0,0,0,Low
10,21,12,6,1,checkout,2,1,0,Medium
34,850,8,6,1,checkout,1,1,1,High
5,226,6,1,0,auth,0,1,0,Low
1,34,17,2,0,auth,0,1,0,Low
4,35,8,6,1,checkout,1,1,0,Medium
66,3611,12,1,0,reporting,0,1,0,Medium
2,26,2,3,0,reporting,0,1,0,Low
4,30,23,3,0,payments,1,1,0,Medium
7,27,14,0,0,reporting,0,1,0,Low
1,9,10,6,1,payments,2,1,1,High
23,1204,10,4,0,checkout,0,0,1,High
6,47,15,2,0,payments,2,1,1,Medium
1,79,2,3,0,search,1,0,0,Medium
14,80,20,3,0,notifications,0,1,0,Low
8,296,19,2,0,checkout,0,1,0,Low
3,65,13,3,0,auth,0,0,0,Medium
10,89,15,5,1,auth,1,0,0,Medium
7,87,17,5,1,notifications,0,1,0,Low
5,550,7,6,1,notifications,2,1,1,Medium
16,37,7,1,0,auth,0,0,1,Medium
6,396,21,1,0,reporting,2,0,0,Medium
32,671,17,0,0,search,0,0,0,Low
28,179,20,1,0,reporting,0,1,0,Low
22,355,15,0,0,auth,1,1,0,Medium
36,2851,18,1,0,payments,2,1,0,Medium
3,200,21,5,1,reporting,2,1,0,Low
14,220,10,5,1,checkout,0,0,0,Medium
15,126,8,5,1,checkout,0,1,0,Low
29,326,3,2,0,reporting,0,1,0,Low
29,252,11,0,0,reporting,0,1,0,Low
29,1055,23,0,0,auth,0,1,1,High
7,77,0,5,1,checkout,0,1,0,Medium
10,151,3,0,0,payments,0,1,0,Medium
79,3345,10,2,0,notifications,0,1,1,Medium
71,303,15,6,1,payments,0,0,0,High
8,401,11,6,1,search,0,1,0,Low
8,324,2,2,0,search,0,1,0,Low
5,178,8,4,0,reporting,0,1,0,Low
11,99,17,4,0,reporting,0,1,1,Low
7,396,12,6,1,reporting,0,1,0,Low
7,443,4,3,0,reporting,0,1,0,Low
65,460,9,3,0,auth,0,1,0,Low
8,163,3,1,0,checkout,1,1,0,Medium
8,49,0,6,1,notifications,0,0,0,Medium
1,29,6,3,0,notifications,0,1,0,Low
3,85,13,5,1,auth,1,1,1,Medium
12,205,11,4,0,notifications,1,0,0,Medium
2,179,22,0,0,checkout,1,1,2,High
12,821,17,0,0,checkout,0,0,0,Medium
1,71,5,4,0,reporting,0,1,1,Low
29,1845,14,3,0,notifications,0,1,0,Low
27,981,22,3,0,checkout,1,1,0,Medium
58,999,15,4,0,checkout,0,1,1,High
21,163,19,2,0,search,2,1,0,Low
43,2381,10,3,0,checkout,0,1,0,Medium
28,230,15,1,0,auth,3,1,0,Medium
1,55,12,2,0,reporting,1,1,0,Low
21,129,11,3,0,checkout,0,1,0,Low
10,558,4,6,1,payments,0,1,0,Medium
11,728,1,3,0,notifications,0,1,0,Low
8,268,15,2,0,checkout,0,1,0,Low
34,582,16,2,0,checkout,1,0,0,High
6,33,17,6,1,notifications,0,1,0,Low
2,145,18,5,1,checkout,0,0,0,Medium
14,143,3,6,1,payments,1,1,0,Medium
2,96,15,4,0,search,0,1,1,Low
2,20,10,5,1,auth,0,1,0,Low
12,424,22,3,0,auth,1,1,0,Medium
11,409,23,3,0,checkout,0,1,0,Medium
3,63,13,5,1,reporting,0,1,2,Medium
7,56,0,4,0,reporting,1,1,0,Low
3,134,5,3,0,checkout,0,0,0,Medium
11,410,18,5,1,search,0,1,0,Low
14,3028,16,1,0,checkout,1,0,0,Medium
4,162,22,2,0,reporting,0,0,0,Medium
6,331,0,5,1,payments,1,1,0,Medium
89,1789,11,4,0,auth,1,1,0,High
21,425,18,0,0,reporting,0,1,0,Low
71,511,3,5,1,payments,2,0,0,High
32,317,3,4,0,auth,0,1,0,Medium
20,592,5,2,0,payments,0,0,1,High
2,36,19,2,0,notifications,0,0,0,Low
1,40,17,1,0,search,0,1,0,Low
2,102,0,6,1,auth,0,1,1,Medium
15,9,13,0,0,search,0,0,0,Low
8,43,17,1,0,search,0,1,0,Low
14,159,21,6,1,auth,0,1,3,Medium
26,184,1,2,0,search,0,1,1,Low
36,21,21,4,0,checkout,1,1,0,Low
15,123,19,6,1,auth,1,1,0,Low
35,2981,6,5,1,checkout,1,1,1,High
113,3427,17,6,1,auth,0,1,0,Medium
8,304,14,4,0,reporting,0,1,1,Low
7,55,12,1,0,notifications,0,1,0,Low
7,1109,23,6,1,auth,1,1,0,Medium
5,130,16,1,0,auth,0,1,0,Low
13,1277,10,4,0,reporting,1,0,0,High
12,198,3,3,0,checkout,2,1,1,High
30,43,15,1,0,auth,0,1,1,Medium
10,889,23,2,0,reporting,0,0,0,Medium
12,259,18,4,0,search,3,0,1,High
3,40,15,2,0,payments,0,1,0,Low
4,185,1,2,0,auth,1,0,0,High
28,1928,11,3,0,payments,0,1,1,Medium
8,626,21,3,0,auth,0,1,0,Low
6,166,10,4,0,notifications,0,1,0,Low
8,136,23,1,0,payments,1,0,0,High
4,142,15,0,0,search,0,1,0,Low
12,167,17,2,0,auth,0,1,0,Low
14,567,9,0,0,payments,0,0,0,Medium
16,104,17,5,1,auth,1,0,0,Medium
2,97,2,6,1,search,0,1,0,Low
13,79,14,1,0,payments,0,1,1,Medium
40,525,14,6,1,search,0,1,0,Low
28,33,14,4,0,reporting,0,0,0,Low
28,732,9,3,0,notifications,0,0,0,Medium
19,1212,8,5,1,notifications,1,1,0,Low
25,1587,9,6,1,payments,0,1,0,Medium
11,467,22,1,0,search,0,1,0,Low
2,16,7,5,1,notifications,0,1,0,Low
7,81,16,3,0,auth,0,1,0,Low
30,256,16,0,0,notifications,1,0,0,Medium
12,951,13,5,1,search,0,1,0,Low
10,99,19,0,0,auth,0,0,0,Medium
3,185,8,3,0,payments,0,0,0,Medium
6,279,22,1,0,auth,2,1,0,High
2,67,18,4,0,search,0,1,0,Low
15,481,7,1,0,auth,0,1,0,Low
18,314,19,6,1,search,0,1,0,Low
42,1162,7,2,0,auth,0,1,0,Medium
6,246,14,3,0,payments,0,1,0,Low
15,7,2,3,0,checkout,1,1,0,Low
5,525,14,2,0,search,0,1,0,Low
16,325,9,3,0,reporting,0,1,1,Low
17,426,15,2,0,auth,0,1,1,Medium
6,204,11,4,0,checkout,0,1,0,Low
40,889,3,4,0,notifications,0,1,0,Medium
49,116,8,1,0,search,0,0,1,Medium
16,806,3,0,0,payments,0,1,0,Medium
8,40,1,0,0,notifications,0,1,0,Low
17,264,18,1,0,auth,0,1,0,Low
18,380,22,5,1,payments,0,1,1,High
10,159,18,1,0,payments,0,0,0,Medium
20,218,5,4,0,checkout,0,1,0,Medium
4,231,11,6,1,reporting,0,1,0,Low
6,88,18,2,0,payments,1,1,0,Low
22,1032,17,3,0,reporting,0,1,1,Low
14,458,15,1,0,search,0,1,0,Low
10,688,21,2,0,reporting,1,0,0,Medium
1,35,10,2,0,reporting,1,1,0,Low
4,248,2,2,0,auth,0,1,0,Low
12,20,18,5,1,auth,0,0,1,High
45,132,7,3,0,checkout,0,1,1,Low
21,281,18,6,1,payments,1,0,0,High
20,279,3,6,1,auth,0,1,0,Low
5,200,1,5,1,checkout,0,1,1,Medium
10,390,8,0,0,search,0,1,0,Low
8,482,3,6,1,payments,1,0,0,High
6,167,19,4,0,reporting,1,1,0,Low
2,41,23,6,1,payments,0,1,0,Low
86,219,1,0,0,auth,1,1,0,Medium
49,1990,19,2,0,auth,1,1,1,Medium
5,146,9,5,1,payments,1,1,0,Medium
20,215,3,1,0,search,0,1,0,Low
37,343,13,2,0,payments,2,1,1,Medium
3,147,20,6,1,checkout,2,1,1,Medium
41,392,22,0,0,payments,1,0,0,High
8,86,3,4,0,auth,0,0,0,High
11,63,11,3,0,reporting,0,1,0,Low
6,11,21,3,0,auth,0,1,0,Low
2,28,18,3,0,payments,0,1,1,Low
11,775,18,4,0,reporting,0,1,0,Low
8,253,23,1,0,payments,0,0,0,Medium
3,218,6,6,1,payments,0,0,1,Medium
2,92,5,3,0,checkout,0,1,1,Medium
32,137,2,3,0,payments,0,1,0,Medium
3,37,0,0,0,auth,0,1,0,Medium
7,45,17,5,1,reporting,0,1,0,Low
23,1748,11,2,0,checkout,0,1,1,High
1,66,1,3,0,auth,0,1,0,Low
12,218,15,1,0,notifications,0,1,1,Low
10,455,21,4,0,payments,2,1,0,Medium
6,56,5,6,1,checkout,0,1,0,Medium
13,721,2,6,1,search,0,1,0,Low
12,73,14,0,0,notifications,0,1,0,Low
10,154,8,1,0,payments,1,0,0,Medium
2,52,2,4,0,auth,1,1,0,Medium
23,1024,6,0,0,auth,1,1,0,Medium
3,137,7,6,1,notifications,0,1,1,Medium
22,1010,9,0,0,auth,0,1,2,High
13,345,5,2,0,search,0,1,0,Low
7,177,10,1,0,checkout,0,1,0,Low
34,3776,4,1,0,checkout,0,1,1,High
8,434,12,6,1,notifications,0,1,0,Low
1,67,0,1,0,checkout,1,0,0,High
4,75,19,0,0,checkout,0,0,0,Low
4,224,5,3,0,notifications,0,1,0,Low
4,38,18,6,1,payments,1,1,0,Low
6,56,13,2,0,notifications,0,1,1,Low
18,201,1,4,0,payments,0,1,0,Low
14,200,5,5,1,checkout,0,1,0,Low
1,53,1,4,0,checkout,1,1,0,Medium
5,42,8,3,0,search,0,1,1,Low
1,82,8,1,0,search,0,1,0,Low
16,328,13,2,0,checkout,3,1,0,Medium
23,184,7,5,1,checkout,0,1,0,Low
52,111,10,3,0,search,0,1,0,Low
15,339,23,1,0,reporting,0,0,1,High
26,110,3,0,0,payments,0,0,0,High
11,285,4,3,0,checkout,0,1,0,Low
29,288,21,0,0,checkout,0,1,0,Low
6,181,19,4,0,payments,1,1,0,Low
32,1409,23,1,0,payments,1,1,0,Medium
16,171,2,5,1,checkout,1,1,1,High
1,33,14,3,0,checkout,1,0,0,Medium
17,270,19,6,1,payments,1,1,0,Medium
9,243,18,4,0,payments,0,1,0,Low
46,1829,3,2,0,payments,1,0,0,High
19,1344,0,1,0,search,1,0,0,Medium
1,55,3,3,0,reporting,1,1,0,Low
2,25,2,5,1,payments,0,1,0,Low
28,356,11,1,0,payments,0,1,0,Low
31,406,19,5,1,payments,1,1,0,Medium
22,1343,12,4,0,auth,0,1,0,Low
31,166,10,5,1,search,0,1,0,Low
3,68,20,5,1,search,0,1,1,Low
10,550,18,5,1,checkout,0,1,0,Low
15,214,4,0,0,reporting,1,1,1,Medium
11,164,3,4,0,payments,0,1,0,Low
19,787,12,5,1,checkout,1,1,0,Medium
6,15,9,3,0,auth,1,0,0,Medium
26,326,3,1,0,checkout,0,0,0,Medium
5,51,2,6,1,checkout,0,1,0,Low
20,147,6,2,0,reporting,0,1,0,Low
2,64,5,3,0,auth,0,1,0,Medium
51,878,19,1,0,notifications,0,1,0,Low
6,40,2,6,1,checkout,0,1,0,Medium
10,13,19,3,0,search,1,1,1,Low
15,274,6,5,1,reporting,0,1,0,Low
8,691,15,0,0,reporting,2,1,0,Low
3,80,11,6,1,auth,1,1,0,Medium
29,571,8,0,0,reporting,0,1,0,Low
38,1257,7,1,0,payments,0,1,0,Medium
11,683,17,1,0,notifications,0,0,1,Medium
46,224,6,5,1,payments,3,1,1,High
2,56,8,3,0,reporting,0,1,1,Low
9,269,23,0,0,notifications,1,1,0,Medium
50,324,16,5,1,checkout,0,1,0,Medium
9,223,5,0,0,auth,0,1,0,Low
23,163,11,0,0,notifications,0,1,0,Low
30,283,1,4,0,payments,0,1,0,Medium
2,66,22,0,0,search,1,1,1,Medium
3,37,22,2,0,checkout,0,1,0,Low
18,305,2,2,0,notifications,0,0,0,Medium
4,17,1,0,0,auth,1,1,0,Medium
26,475,1,3,0,auth,0,0,0,High
2,156,10,0,0,notifications,0,1,0,Low
3,135,21,0,0,payments,0,0,0,Low
4,66,4,3,0,payments,1,0,0,Medium
20,833,3,0,0,reporting,2,1,0,Medium
29,341,4,1,0,reporting,0,1,0,Medium
35,331,4,6,1,search,0,1,1,Medium
80,403,14,1,0,reporting,0,1,0,Low
25,617,9,4,0,checkout,1,0,0,High
10,385,4,1,0,payments,0,0,0,High
13,627,10,6,1,notifications,0,0,0,Low
16,989,3,6,1,payments,0,1,0,Medium
14,90,16,4,0,search,0,1,0,Low
2,82,9,0,0,search,0,1,0,Low
33,2832,15,5,1,payments,0,1,0,Medium
18,1098,11,3,0,payments,1,1,0,Low
12,93,7,1,0,search,0,1,0,Low
12,299,10,6,1,reporting,0,1,0,Low
21,47,4,5,1,auth,1,1,0,Medium
6,100,0,0,0,payments,0,1,0,Low
6,75,17,6,1,payments,0,1,0,Low
17,506,11,3,0,notifications,0,0,0,Low
5,123,10,4,0,search,0,0,0,Low
16,822,9,3,0,checkout,2,1,0,Medium
42,2086,7,0,0,notifications,0,1,0,Low
10,548,20,2,0,checkout,3,1,0,Medium
4,106,9,2,0,auth,1,0,1,High
3,64,16,1,0,payments,0,1,0,Low
9,252,6,3,0,reporting,0,1,0,Low
22,542,13,1,0,payments,2,0,2,High
34,2069,3,3,0,notifications,0,0,0,High
4,126,18,1,0,notifications,0,0,1,Low
36,85,15,1,0,auth,0,1,1,Medium
1,14,12,3,0,auth,1,0,0,Medium
6,136,15,2,0,search,0,1,0,Low
33,500,11,1,0,search,0,1,1,Low
6,531,5,2,0,search,0,0,0,Medium
6,95,21,3,0,payments,0,0,0,Medium
28,279,10,1,0,checkout,0,0,0,Medium
19,1047,4,3,0,reporting,0,1,0,Low
16,93,13,1,0,search,0,1,0,Low
1,153,23,1,0,search,0,0,1,Medium
21,1020,19,3,0,payments,2,1,0,Medium
21,1296,8,5,1,auth,0,0,0,High
1,96,18,1,0,payments,0,0,0,Medium
11,280,23,3,0,checkout,1,1,0,Medium
1,34,10,1,0,payments,1,1,0,Low
5,58,5,1,0,search,0,1,0,Low
13,615,23,6,1,reporting,0,1,1,Low
1,28,4,3,0,reporting,0,0,0,Medium
20,157,5,6,1,reporting,0,1,0,Low
19,253,21,6,1,notifications,0,1,0,Low
51,1247,9,6,1,auth,1,0,0,High
5,5,5,2,0,checkout,1,1,1,Medium
10,95,2,0,0,notifications,0,0,0,Medium
10,58,3,5,1,checkout,0,1,0,Medium
3,68,2,4,0,reporting,0,1,1,Low
2,38,11,6,1,notifications,0,1,1,Low
12,769,7,5,1,reporting,0,1,1,Low
2,54,10,6,1,payments,2,1,0,Medium
5,65,6,3,0,auth,1,1,2,High
14,220,21,1,0,auth,1,1,1,Medium
21,274,14,3,0,notifications,0,1,1,Low
14,676,9,2,0,auth,0,1,0,Low
2,33,19,6,1,reporting,0,1,0,Low
12,177,17,3,0,auth,0,1,0,Low
14,525,12,3,0,payments,0,1,1,Medium
3,127,5,5,1,payments,0,1,1,High
11,255,9,6,1,checkout,0,1,1,Medium
44,1220,7,3,0,notifications,0,1,0,Low
5,206,0,0,0,notifications,0,1,0,Low
18,157,11,0,0,checkout,1,1,0,Low
12,202,16,2,0,checkout,0,1,0,Low
13,107,20,4,0,auth,0,1,0,Low
6,38,13,5,1,reporting,0,1,0,Low
51,333,22,1,0,reporting,0,1,0,Low
10,388,11,2,0,payments,1,1,0,Medium
61,689,7,2,0,search,1,0,0,Medium
2,30,11,2,0,auth,1,1,0,Medium
2,173,20,1,0,checkout,0,1,0,Low
3,43,4,1,0,auth,1,1,0,Medium
2,39,18,1,0,reporting,1,1,0,Low
23,666,21,3,0,payments,0,1,0,Low
2,27,0,5,1,checkout,0,0,0,Medium
15,34,7,5,1,notifications,1,0,1,Medium
10,154,7,3,0,search,0,0,0,Low
32,593,0,5,1,payments,0,1,1,High
8,23,22,5,1,search,0,1,1,Medium
26,1409,13,3,0,payments,1,1,0,High
2,27,23,5,1,checkout,0,1,0,Low
1,16,11,1,0,reporting,0,1,0,Low
24,130,1,2,0,notifications,1,1,0,Medium
8,142,0,4,0,notifications,1,1,0,Medium
14,65,19,2,0,payments,0,1,0,Low
8,305,20,5,1,search,0,1,1,Low
15,323,18,3,0,search,0,0,1,Medium
2,41,17,0,0,reporting,0,1,0,Low
11,161,15,6,1,checkout,1,0,0,High
5,207,8,5,1,checkout,2,1,1,Medium
3,107,17,0,0,auth,0,1,0,Low
1,59,12,5,1,auth,1,1,0,Low
15,642,9,3,0,reporting,2,1,1,Low
10,238,4,3,0,checkout,0,1,0,Low
1,66,5,4,0,checkout,0,1,0,Medium
3,49,13,2,0,reporting,1,0,1,Medium
30,144,20,0,0,search,1,0,0,Medium
32,372,2,2,0,auth,1,1,0,Medium
7,424,19,4,0,search,0,0,0,Low
100,7648,20,5,1,search,0,1,1,High
54,1802,0,6,1,checkout,0,1,0,High
9,76,10,3,0,auth,0,1,0,Low
28,962,20,3,0,search,1,1,0,Low
10,282,21,5,1,reporting,0,1,1,Low
4,12,21,3,0,reporting,0,1,0,Low
9,43,8,3,0,reporting,0,1,0,Low
26,269,15,3,0,search,0,1,1,Low
27,262,19,2,0,checkout,1,1,0,Medium
21,42,16,6,1,auth,2,1,0,Medium
29,180,21,4,0,reporting,0,1,0,Low
6,268,9,1,0,auth,0,1,0,Low
3,92,16,4,0,reporting,0,1,0,Low
15,734,8,3,0,payments,0,1,0,Low
4,49,11,3,0,checkout,0,1,0,Low
10,167,15,4,0,payments,0,0,0,Medium
87,4183,10,0,0,search,0,1,1,Medium
73,1688,3,5,1,reporting,0,1,0,Medium
24,55,20,6,1,notifications,0,1,2,Medium
20,429,8,5,1,search,0,1,1,Low
12,135,10,2,0,auth,0,1,0,Low
12,898,1,6,1,reporting,0,1,0,Low
36,33,20,1,0,notifications,0,0,0,Low
10,46,12,3,0,checkout,0,1,0,Low
5,279,8,2,0,notifications,0,1,0,Low
6,202,0,4,0,checkout,0,0,0,High
10,834,2,5,1,payments,0,1,1,High
19,772,0,3,0,auth,2,1,1,High
2,208,6,3,0,search,0,1,0,Low
2,41,20,5,1,auth,0,1,0,Low
3,118,7,2,0,auth,0,1,0,Low
4,169,10,2,0,checkout,1,1,0,Medium
15,564,12,2,0,auth,1,1,0,Medium
32,236,4,5,1,reporting,0,1,0,Medium
1,43,6,0,0,payments,0,0,0,Medium
5,183,4,4,0,notifications,0,0,1,Medium
15,492,19,4,0,reporting,0,0,0,Medium
4,185,11,2,0,notifications,0,0,1,Medium
26,819,5,1,0,notifications,0,1,0,Low
5,74,7,5,1,reporting,0,0,1,Medium
19,1122,1,2,0,search,0,1,0,Medium
8,94,8,2,0,reporting,0,1,0,Low
25,2522,23,0,0,search,0,1,0,Medium
46,408,7,4,0,notifications,0,1,0,Low
6,103,16,5,1,checkout,1,0,0,Medium
2,31,5,4,0,payments,0,1,1,Medium
18,2395,4,5,1,auth,1,1,0,High
7,287,11,3,0,reporting,1,1,1,Low
19,189,15,4,0,checkout,1,1,0,Medium
19,25,12,4,0,search,0,0,1,Medium
62,1305,2,3,0,search,0,0,0,High
13,223,3,5,1,payments,0,1,1,Medium
67,1494,0,6,1,checkout,1,0,0,High
3,142,7,4,0,notifications,0,0,0,Low
17,210,2,4,0,checkout,1,1,0,Medium
11,314,7,5,1,payments,0,1,0,Low
7,232,20,1,0,checkout,0,1,0,Low
3,58,15,2,0,reporting,1,1,0,Low
3,55,8,6,1,checkout,0,1,1,Low
1,13,3,5,1,payments,1,1,0,Medium
6,110,23,4,0,payments,0,1,1,Medium
11,29,1,5,1,checkout,0,1,1,Medium
7,45,9,5,1,auth,0,1,0,Low
30,612,2,4,0,checkout,1,0,0,High
36,120,6,1,0,notifications,0,1,0,Low
3,197,1,1,0,auth,1,1,0,Medium
4,304,19,5,1,reporting,1,1,0,Low
5,58,16,3,0,notifications,1,1,0,Low
7,124,16,2,0,notifications,0,1,0,Low
21,645,16,4,0,notifications,1,1,2,Medium
23,1500,2,4,0,reporting,0,0,0,Medium
3,36,19,4,0,payments,0,1,0,Low
3,51,3,1,0,auth,2,0,0,High
20,366,11,1,0,search,0,0,0,Low
11,99,20,3,0,checkout,0,1,0,Low
5,86,1,6,1,reporting,0,1,1,Medium
11,959,3,5,1,search,1,1,0,Low
4,188,7,4,0,search,0,1,0,Low
7,283,22,6,1,search,0,1,0,Low
2,47,21,2,0,payments,1,1,1,Medium
1,3,4,2,0,reporting,0,1,0,Low
17,264,19,2,0,search,0,0,0,Low
2,30,8,6,1,auth,2,0,0,High
13,120,19,4,0,payments,0,1,1,Low
4,59,23,1,0,reporting,0,0,0,Medium
16,292,17,6,1,reporting,0,0,0,Medium
30,228,19,3,0,reporting,0,1,0,Low
10,612,3,4,0,search,0,0,0,Medium
2,55,19,6,1,payments,0,0,1,Medium
1,42,21,3,0,payments,0,1,0,Low
65,537,22,0,0,reporting,0,1,0,Medium
18,275,21,0,0,checkout,0,0,0,Medium
37,773,10,6,1,search,0,1,1,Low
26,1173,12,4,0,auth,0,1,0,Low
5,87,12,1,0,checkout,0,1,0,Low
16,65,23,2,0,search,0,1,0,Low
7,275,11,3,0,payments,0,0,0,Medium
7,146,13,0,0,search,0,1,0,Low
13,488,4,4,0,auth,0,1,0,Low
37,408,14,6,1,search,0,1,0,Low
24,125,14,5,1,auth,1,1,0,Low
6,239,13,5,1,reporting,0,1,0,Low
11,79,17,2,0,payments,1,1,1,Medium
15,719,12,3,0,notifications,1,0,0,Medium
6,155,2,3,0,auth,1,0,0,High
5,187,6,4,0,reporting,0,0,0,Low
2,25,3,2,0,checkout,0,1,0,Medium
18,369,6,6,1,payments,0,1,0,Low
29,293,2,0,0,notifications,0,0,0,Medium
28,89,20,4,0,checkout,0,1,0,Low
22,315,6,4,0,checkout,1,1,0,Low
21,185,3,5,1,notifications,0,0,0,High
10,369,16,6,1,search,0,1,0,Low
7,76,9,3,0,search,0,1,0,Low
23,109,21,5,1,checkout,0,1,0,Medium
45,230,20,4,0,payments,2,0,2,High
31,111,6,6,1,checkout,0,1,0,Medium
9,385,0,2,0,search,1,1,0,Low
10,47,17,5,1,checkout,2,0,0,High
4,207,6,4,0,notifications,0,1,0,Low
35,1895,3,0,0,notifications,0,1,0,Medium
47,379,13,0,0,checkout,0,1,1,Medium
5,276,21,6,1,payments,0,1,0,Low
5,230,12,4,0,checkout,0,1,1,Low
8,340,18,4,0,notifications,0,0,0,Low
13,34,8,0,0,auth,0,0,0,Low
4,183,12,1,0,payments,0,0,0,Medium
4,110,13,5,1,checkout,0,0,0,Medium
2,32,5,5,1,payments,0,1,0,Medium
16,374,22,6,1,reporting,0,1,0,Low
9,234,21,1,0,notifications,0,1,0,Low
2,73,18,2,0,notifications,0,1,1,Low
22,68,8,3,0,checkout,0,0,0,Low
23,1316,17,5,1,notifications,0,1,0,Low
4,142,21,6,1,reporting,0,0,1,Medium
5,299,6,2,0,auth,0,0,1,Medium
4,65,10,2,0,search,0,1,1,Low
17,150,21,3,0,notifications,0,1,1,Low
17,486,14,1,0,auth,1,1,0,Low
39,1635,22,3,0,reporting,0,1,1,High
2,137,7,2,0,search,0,1,1,Low
8,20,1,4,0,reporting,0,1,0,Low
41,413,19,1,0,checkout,0,1,1,Medium
21,537,22,3,0,search,0,1,0,Low
60,4400,13,6,1,checkout,0,1,0,High
19,1862,6,2,0,checkout,0,1,0,Medium
11,27,3,5,1,reporting,0,1,0,Low
7,217,14,1,0,notifications,1,1,0,Low
4,201,4,3,0,search,0,0,0,Medium
3,51,17,3,0,payments,0,1,0,Low
6,95,21,2,0,search,0,1,0,Low
54,739,11,2,0,search,1,1,0,Low
5,57,23,5,1,reporting,0,0,0,Low
59,2632,8,5,1,payments,0,1,0,Medium
8,234,8,1,0,notifications,0,1,3,Medium
18,377,22,4,0,payments,0,0,0,High
19,86,22,4,0,notifications,1,1,0,Medium
4,121,10,2,0,payments,0,1,0,Low
45,80,9,2,0,reporting,0,1,0,Low
12,43,7,3,0,notifications,1,1,1,Low
4,116,22,6,1,notifications,0,0,0,Medium
59,270,12,3,0,reporting,0,1,0,Low
46,4868,11,4,0,notifications,0,1,0,Low
26,498,8,2,0,reporting,0,1,0,Low
22,165,18,6,1,payments,0,1,1,Medium
32,2390,6,2,0,search,0,0,1,High
29,2218,14,4,0,search,0,1,1,Medium
6,127,14,2,0,payments,0,1,0,Low
37,1996,18,0,0,search,0,1,1,Medium
5,65,4,3,0,checkout,0,1,0,Low
16,542,19,5,1,search,0,0,0,Medium
59,663,14,2,0,notifications,1,1,1,Medium
9,78,8,1,0,reporting,0,1,1,Low
1,62,13,1,0,auth,1,0,2,High
1,22,12,0,0,auth,1,1,0,Low
30,689,6,0,0,payments,1,1,0,Medium
46,631,23,4,0,search,0,1,0,Low
2,24,22,0,0,payments,0,1,1,Medium
18,206,0,2,0,payments,2,1,0,Medium
20,643,17,4,0,auth,0,0,0,Medium
35,665,11,1,0,reporting,0,1,0,Low
30,1747,6,3,0,auth,1,1,1,High
11,266,0,2,0,payments,0,1,0,Low
31,245,13,3,0,notifications,0,1,0,Low
4,123,17,1,0,notifications,1,1,1,Low
5,109,23,6,1,payments,0,1,0,Low
31,139,7,3,0,reporting,0,1,0,Low
40,762,1,1,0,payments,1,1,0,Medium
1,13,15,1,0,auth,1,1,0,Low
33,421,12,6,1,payments,2,1,0,Medium
2,81,19,4,0,notifications,0,1,0,Low
11,83,15,4,0,payments,0,1,2,Medium
9,230,5,6,1,auth,1,1,1,High
12,113,1,4,0,payments,2,1,0,Medium
1,36,14,3,0,notifications,1,0,0,Medium
32,66,8,1,0,reporting,0,1,1,Low
33,1164,2,5,1,reporting,0,0,0,High
18,60,3,1,0,auth,0,1,1,Medium
11,380,4,5,1,auth,2,0,0,High
5,50,11,0,0,auth,1,0,1,High
6,71,1,6,1,notifications,0,1,0,Low
28,624,1,4,0,notifications,0,1,0,Low
17,1703,3,4,0,notifications,0,1,0,Medium
7,254,4,3,0,auth,1,1,1,High
4,36,15,2,0,checkout,1,1,0,Low
9,127,1,4,0,payments,1,1,1,High
8,361,16,2,0,notifications,0,1,1,Low
7,83,18,5,1,auth,1,0,0,Medium
33,742,11,2,0,reporting,0,0,0,Medium
16,62,5,1,0,payments,0,1,0,Medium
39,95,21,2,0,reporting,0,0,2,Medium
54,3917,14,5,1,payments,1,1,0,Medium
17,358,17,3,0,payments,0,1,0,Low
15,266,17,4,0,search,0,1,0,Low
17,286,20,6,1,search,0,1,0,Low
51,217,23,0,0,search,0,1,0,Low
11,225,0,4,0,checkout,0,1,0,Low
12,187,7,0,0,search,0,1,0,Low
14,324,11,4,0,search,0,1,0,Low
7,210,10,5,1,auth,0,1,0,Low
9,411,23,2,0,auth,0,1,0,Medium
15,61,14,3,0,reporting,0,1,0,Low
9,365,11,6,1,payments,0,1,1,Medium
4,241,20,2,0,search,0,1,0,Low
28,540,3,4,0,checkout,0,1,0,Medium
12,142,21,5,1,auth,0,0,0,Medium
18,229,10,4,0,auth,0,0,0,Medium
29,909,4,2,0,reporting,0,1,0,Medium
7,148,3,4,0,checkout,1,0,0,High
8,74,6,2,0,notifications,0,0,0,Medium
2,71,6,1,0,reporting,1,1,0,Low
2,99,14,0,0,checkout,0,1,0,Low
19,71,17,1,0,payments,1,0,1,High
29,129,3,0,0,auth,0,1,0,Medium
5,115,2,6,1,notifications,0,1,1,Low
7,66,23,2,0,reporting,0,1,0,Low
2,44,1,0,0,search,0,1,0,Low
20,59,22,4,0,search,1,0,0,Medium
21,862,21,1,0,auth,1,1,0,Medium
72,767,2,3,0,search,0,1,0,Medium
46,1094,16,2,0,notifications,1,0,0,Low
12,90,21,2,0,reporting,0,0,0,Low
18,211,2,3,0,checkout,2,1,0,Medium
3,82,14,5,1,search,0,1,0,Low
45,964,16,0,0,notifications,1,1,0,Low
6,121,19,6,1,reporting,0,0,0,Medium
49,162,7,5,1,checkout,0,1,0,Low
4,178,7,4,0,notifications,1,1,0,Low
12,171,8,6,1,auth,0,1,0,Low
6,160,18,5,1,payments,1,1,0,Low
114,260,14,0,0,auth,0,1,0,Medium
37,40,11,2,0,auth,2,0,0,High
9,206,14,4,0,search,1,1,0,Low
14,183,21,1,0,notifications,0,1,0,Low
8,264,4,1,0,checkout,1,1,0,Medium
2,80,22,5,1,search,2,1,0,Medium
45,242,21,0,0,notifications,0,1,0,Low
3,194,17,5,1,notifications,0,1,0,Low
7,128,7,1,0,notifications,0,1,1,Low
14,98,14,0,0,notifications,0,0,0,Low
2,18,22,3,0,checkout,1,1,1,Medium
16,137,0,4,0,notifications,1,1,2,Medium
18,605,7,0,0,reporting,1,0,0,Medium
13,198,12,5,1,auth,1,1,0,Medium
1,13,10,3,0,auth,0,1,1,Medium
5,37,20,6,1,checkout,1,1,0,Medium
12,56,13,3,0,notifications,0,1,0,Low
31,296,14,4,0,notifications,1,1,0,Low
27,346,22,3,0,reporting,0,0,0,Medium
38,114,7,5,1,search,0,1,1,Low
28,1373,18,5,1,auth,0,1,0,Medium
40,489,21,2,0,auth,1,1,0,Low
18,904,4,5,1,checkout,1,1,1,High
12,825,23,4,0,auth,1,1,0,Medium
14,2081,3,2,0,checkout,0,1,0,Medium
4,280,17,3,0,notifications,0,1,1,Low
23,967,19,6,1,payments,0,1,1,Medium
28,264,19,6,1,search,0,1,0,Low
6,69,2,0,0,notifications,0,0,0,Medium
3,334,8,3,0,search,0,1,0,Low
22,520,22,2,0,notifications,0,1,0,Low
7,330,6,6,1,payments,2,1,0,Medium
3,27,18,5,1,reporting,0,1,0,Low
4,36,4,3,0,notifications,0,1,1,Low
42,749,5,3,0,notifications,0,1,1,Medium
9,202,3,1,0,reporting,0,0,1,Medium
16,778,20,5,1,notifications,0,1,1,Low
9,38,15,4,0,search,0,1,0,Low
9,161,15,3,0,payments,1,1,0,Low
20,238,10,6,1,reporting,0,1,0,Low
14,305,5,1,0,notifications,0,0,0,Medium
37,488,5,1,0,notifications,0,1,0,Medium
11,106,15,5,1,auth,1,1,0,Low
11,716,1,2,0,search,0,1,0,Low
12,191,5,4,0,payments,0,1,0,Medium
59,213,16,0,0,auth,0,1,2,High
14,682,9,1,0,notifications,0,0,0,Medium
2,51,15,4,0,search,0,0,2,Medium
17,260,11,1,0,search,0,1,0,Low
9,328,22,0,0,auth,1,1,0,Low
6,402,18,0,0,search,0,0,1,Medium
3,306,7,2,0,reporting,0,1,0,Low
9,275,14,4,0,search,0,1,0,Low
1,99,7,6,1,auth,1,1,1,Medium
13,175,19,1,0,notifications,0,1,0,Low
3,12,18,4,0,notifications,1,1,0,Low
3,11,22,0,0,checkout,1,1,0,Low
59,211,17,2,0,payments,0,1,0,Medium
11,242,18,4,0,search,0,0,0,Low
38,541,3,0,0,reporting,1,0,0,Medium
5,97,13,1,0,checkout,0,1,2,Medium
13,146,22,3,0,auth,0,1,0,Low
41,3044,11,0,0,payments,1,1,0,Medium
3,47,8,1,0,auth,1,0,0,Medium
1,39,18,4,0,reporting,0,1,1,Low
10,46,17,5,1,payments,2,1,0,Medium
15,192,15,2,0,notifications,0,1,1,Low
7,62,4,6,1,payments,1,1,0,Medium
6,267,3,3,0,payments,3,1,0,High
38,335,6,5,1,payments,1,1,2,High
13,97,4,6,1,auth,0,1,0,Medium
11,31,12,4,0,search,0,1,0,Low
4,428,6,5,1,auth,0,0,0,Medium
12,192,6,5,1,auth,0,0,0,Medium
35,745,22,0,0,auth,2,1,1,High
3,63,14,3,0,search,0,1,0,Low
2,262,0,4,0,notifications,0,1,0,Low
15,60,20,4,0,payments,0,1,0,Low
8,76,8,3,0,checkout,0,1,1,Low
35,249,15,1,0,notifications,0,0,0,Medium
12,137,14,3,0,auth,1,1,0,Low
10,425,16,5,1,search,0,1,1,Low
17,163,14,3,0,search,1,1,1,Low
6,307,16,4,0,auth,0,0,0,Medium
6,87,8,0,0,auth,0,0,0,Medium
15,881,8,6,1,auth,0,1,0,Medium
4,635,23,3,0,payments,0,0,0,Medium
9,134,1,6,1,reporting,0,1,2,Medium
2,77,18,2,0,notifications,0,1,1,Low
6,144,19,2,0,auth,1,0,0,Medium
3,202,0,1,0,reporting,0,1,0,Low
11,515,15,2,0,payments,2,1,0,Medium
2,48,15,5,1,payments,1,1,0,Low
10,266,10,5,1,search,1,1,0,Low
16,511,13,6,1,notifications,0,1,0,Low
26,888,21,1,0,notifications,0,1,1,Low
56,6259,0,0,0,notifications,0,0,0,High
8,54,3,6,1,checkout,0,0,3,High
2,138,3,3,0,checkout,1,1,0,Medium
13,407,4,4,0,payments,1,0,0,High
15,131,13,3,0,auth,0,0,0,Medium
2,34,4,3,0,search,0,1,0,Low
36,292,1,2,0,reporting,0,1,0,Low
18,59,15,3,0,reporting,0,1,1,Low
3,41,3,0,0,checkout,2,1,0,Medium
22,139,8,2,0,auth,0,0,1,High
48,26,8,1,0,reporting,0,1,1,Low
9,863,22,3,0,payments,0,1,0,Low
52,426,4,4,0,checkout,0,0,0,High
5,7,8,1,0,checkout,1,1,1,Medium
2,262,11,4,0,checkout,0,1,0,Low
2,100,11,1,0,notifications,0,1,0,Low
14,42,4,1,0,notifications,0,1,0,Low
37,25,4,4,0,payments,1,1,0,Medium
5,96,18,3,0,search,1,0,0,Medium
8,698,0,4,0,notifications,0,1,1,Medium
34,187,14,2,0,notifications,0,1,0,Low
19,45,14,0,0,payments,2,1,1,Medium
14,104,14,1,0,payments,1,1,0,Low
30,1117,1,5,1,auth,0,1,1,High
33,1020,18,4,0,auth,2,0,1,High
7,133,20,2,0,search,1,1,0,Low
14,110,18,6,1,payments,1,1,0,Medium
5,72,13,5,1,reporting,0,1,2,Medium
18,157,16,0,0,payments,0,1,0,Low
9,40,6,4,0,search,0,1,0,Low
28,375,8,2,0,notifications,0,0,0,Low
10,43,3,0,0,reporting,0,1,0,Low
5,88,13,1,0,search,0,0,0,Low
11,75,18,1,0,checkout,0,1,0,Low
16,36,21,4,0,auth,0,1,0,Low
19,465,18,6,1,checkout,2,0,0,High
7,50,18,2,0,reporting,0,1,0,Low
11,485,16,3,0,search,0,1,0,Low
32,3617,9,5,1,notifications,0,0,0,High
22,223,2,4,0,reporting,1,1,0,Medium
8,63,5,5,1,checkout,1,1,0,Medium
4,169,6,3,0,search,0,1,0,Low
6,62,0,4,0,search,0,1,0,Low
1,53,23,3,0,checkout,1,1,0,Medium
17,176,8,2,0,notifications,0,0,0,Low
16,94,23,5,1,reporting,0,0,1,High
8,369,2,4,0,checkout,0,1,0,Medium
27,1255,4,0,0,search,0,1,1,High
2,64,20,4,0,checkout,1,0,0,Medium
35,315,13,4,0,reporting,0,1,0,Low
4,66,5,0,0,search,0,1,0,Low
31,692,21,2,0,auth,0,1,0,Low
4,88,12,5,1,checkout,0,1,0,Low
7,164,12,3,0,auth,1,0,0,Medium
17,616,22,3,0,checkout,1,1,0,Medium
29,156,17,2,0,search,0,1,1,Low
30,53,16,4,0,search,0,1,0,Low
17,1208,20,1,0,payments,2,0,1,High
39,198,23,1,0,checkout,1,0,0,High
3,157,12,0,0,notifications,1,1,1,Low
54,185,7,6,1,auth,1,1,0,Medium
15,627,15,3,0,search,0,0,0,Low
14,1596,17,6,1,notifications,0,0,2,Medium
26,542,15,4,0,checkout,3,0,1,High
9,29,21,0,0,notifications,0,1,0,Low
30,150,21,6,1,reporting,0,0,0,Low
13,58,15,3,0,reporting,0,1,0,Low
31,232,7,0,0,reporting,0,1,0,Low
17,149,23,6,1,payments,0,1,1,High
2,27,5,0,0,search,0,1,0,Low
2,110,14,1,0,search,0,0,0,Low
10,44,21,0,0,auth,1,1,1,Medium
28,933,4,1,0,notifications,0,1,0,Low
15,80,14,5,1,payments,0,1,0,Low
14,217,1,5,1,search,0,1,1,Low
4,66,22,0,0,search,0,1,1,Low
7,161,14,3,0,search,0,0,0,Low
5,107,23,0,0,reporting,0,1,0,Low
50,1340,15,6,1,payments,2,1,1,High
34,352,21,1,0,auth,0,1,0,Low
35,359,7,0,0,checkout,1,1,0,Medium
23,137,2,3,0,search,0,0,0,Medium
22,304,4,5,1,search,0,1,2,Medium
53,1010,6,1,0,search,0,1,0,Low
13,123,8,6,1,search,0,1,0,Low
1,24,5,5,1,auth,0,1,1,Medium
8,180,15,1,0,search,2,1,0,Low
7,165,21,0,0,checkout,0,1,0,Low
86,6202,3,1,0,payments,1,0,0,High
17,69,0,1,0,notifications,0,1,1,Medium
9,168,0,3,0,payments,0,1,0,Low
26,303,19,3,0,notifications,0,1,0,Low
100,7224,9,6,1,checkout,0,1,1,High
9,289,2,2,0,reporting,0,0,0,Medium
12,531,5,4,0,checkout,1,1,1,Medium
17,20,4,0,0,notifications,0,1,1,Low
3,23,11,5,1,auth,0,0,1,High
9,99,11,5,1,notifications,0,1,1,Low
48,662,3,2,0,payments,0,1,0,Medium
3,70,8,4,0,notifications,0,1,1,Low
2,24,22,6,1,payments,1,1,0,Medium
18,485,11,0,0,payments,0,1,0,Low
1,40,0,6,1,search,0,0,0,Medium
3,169,22,6,1,payments,2,1,0,High
1,43,5,4,0,checkout,0,1,0,Low
8,129,19,3,0,payments,0,1,0,Low
39,461,12,5,1,notifications,0,0,0,Low
18,445,23,6,1,checkout,1,1,0,Medium
34,898,17,4,0,payments,0,1,2,High
33,175,2,5,1,search,1,1,0,Medium
37,467,22,5,1,payments,3,1,0,High
14,210,5,4,0,notifications,0,1,1,Low
11,927,6,6,1,search,1,1,0,Low
13,548,0,6,1,notifications,0,1,1,Medium
5,114,8,4,0,payments,1,1,0,Medium
13,1743,0,6,1,checkout,1,1,1,High
7,182,3,6,1,payments,0,1,0,Medium
4,51,13,3,0,payments,0,0,0,Medium
20,182,6,2,0,checkout,0,1,0,Low
30,166,10,4,0,auth,0,1,0,Low
34,791,16,0,0,reporting,0,1,0,Low
37,612,15,5,1,auth,0,0,1,High
20,199,21,2,0,checkout,0,1,0,Low
8,31,16,3,0,checkout,0,1,1,Medium
37,672,16,5,1,reporting,0,0,2,High
2,31,14,1,0,search,0,1,0,Low
7,96,1,6,1,auth,0,1,0,Low
6,34,6,1,0,notifications,0,1,0,Low
15,485,0,2,0,search,1,1,0,Medium
1,116,6,4,0,payments,0,1,0,Low
37,742,7,0,0,reporting,0,1,0,Low
19,324,22,1,0,payments,0,0,0,High
32,367,15,4,0,checkout,2,1,0,Medium
8,50,22,0,0,search,0,1,0,Low
22,40,6,3,0,checkout,1,1,1,Medium
9,176,16,4,0,payments,1,0,0,Medium
9,421,5,6,1,search,0,1,0,Low
1,35,14,4,0,checkout,2,0,1,High
24,78,13,4,0,notifications,0,1,0,Low
15,439,4,0,0,search,0,1,1,Low
1,38,15,4,0,payments,0,1,2,Medium
7,313,13,2,0,payments,2,1,0,Medium
13,552,1,3,0,search,1,1,0,Low
37,1120,18,1,0,notifications,0,1,0,Low
6,77,19,1,0,reporting,0,0,0,Low
10,258,4,6,1,search,0,1,0,Low
25,242,0,3,0,search,0,1,0,Low
15,267,10,4,0,notifications,0,1,0,Low
8,146,21,5,1,search,0,1,0,Low
28,1409,16,6,1,payments,0,1,0,Medium
23,1471,21,5,1,notifications,0,0,1,Medium
6,49,10,4,0,checkout,0,1,0,Low
14,510,14,5,1,checkout,0,1,0,Low
5,14,2,2,0,checkout,1,1,0,Low
16,321,6,6,1,payments,0,0,0,Medium
9,261,3,1,0,notifications,0,1,0,Low
18,541,22,1,0,reporting,0,1,0,Low
1,47,23,0,0,payments,0,0,1,Medium
21,1241,5,6,1,payments,2,1,2,High
8,250,7,2,0,payments,1,1,0,Medium
13,475,8,2,0,payments,1,1,0,Low
4,118,20,2,0,reporting,0,1,0,Low
24,1413,22,3,0,reporting,0,1,0,Medium
19,978,10,6,1,search,0,0,0,Medium
7,176,22,1,0,search,1,1,0,Low
62,2813,10,3,0,reporting,0,1,1,Medium
8,285,16,3,0,reporting,0,1,0,Low
28,390,17,3,0,checkout,0,1,0,Low
10,518,12,3,0,payments,1,0,0,Medium
7,105,5,3,0,payments,2,1,0,Medium
20,48,4,3,0,reporting,0,1,0,Low
6,244,23,4,0,search,0,1,0,Low
22,236,0,2,0,reporting,0,1,0,Low
59,1017,5,0,0,auth,0,1,1,High
14,2041,4,4,0,payments,0,1,1,High
4,86,17,0,0,auth,1,1,1,Low
7,529,5,4,0,reporting,0,1,0,Low
18,28,9,3,0,notifications,0,1,0,Low
3,75,2,2,0,notifications,0,1,0,Low
19,430,9,1,0,checkout,0,1,1,Low
65,307,20,6,1,auth,0,0,0,Medium
2,73,21,4,0,auth,0,0,0,Medium
8,171,4,0,0,checkout,1,1,0,Low
26,220,17,5,1,notifications,0,1,2,Medium
34,49,14,0,0,payments,0,1,0,Low
87,3179,17,5,1,search,0,1,0,Medium
1,87,14,3,0,auth,0,1,0,Low
34,3341,22,4,0,auth,0,0,0,High
10,61,22,4,0,search,0,1,0,Low
4,168,12,5,1,payments,1,1,0,Low
8,106,22,6,1,search,1,0,0,Medium
10,758,22,1,0,notifications,1,0,0,Medium
5,147,19,5,1,reporting,1,0,0,Medium
19,1281,20,3,0,auth,0,1,0,Medium
9,81,18,6,1,auth,1,1,0,Low
17,435,10,4,0,search,0,1,0,Low
3,72,11,2,0,checkout,0,1,0,Low
10,280,16,6,1,notifications,1,1,0,Low
2,48,3,4,0,payments,0,1,0,Low
27,94,20,2,0,search,0,1,0,Low
25,485,7,5,1,reporting,0,1,0,Low
2,27,15,4,0,checkout,0,1,0,Low
9,46,14,3,0,payments,0,1,1,Low
27,129,12,1,0,search,0,1,0,Low
20,2524,17,4,0,auth,0,1,2,High
2,71,13,4,0,auth,0,0,1,Medium
1,43,0,3,0,auth,2,0,0,High
10,340,1,2,0,checkout,0,0,1,High
5,64,12,6,1,notifications,0,1,0,Low
11,102,9,4,0,search,0,0,1,Medium
8,95,23,2,0,search,0,1,1,Low
7,81,23,3,0,payments,0,0,0,Medium
1,37,18,5,1,auth,0,1,2,Medium
26,176,19,5,1,payments,1,1,0,Medium
9,76,3,1,0,auth,2,1,0,Medium
8,224,12,4,0,payments,0,1,1,Low
37,1372,15,3,0,notifications,0,1,0,Low
20,52,11,2,0,reporting,0,1,1,Low
3,39,15,5,1,notifications,0,1,0,Low
4,69,8,4,0,payments,3,1,0,Medium
21,818,6,0,0,checkout,2,1,0,Medium
2,92,20,1,0,notifications,1,1,0,Low
36,735,15,0,0,search,0,1,0,Low
15,59,14,2,0,checkout,0,0,0,Low
8,294,5,5,1,reporting,0,0,1,High
15,574,11,5,1,notifications,0,1,0,Low
1,84,19,1,0,search,0,1,0,Low
7,54,23,6,1,payments,1,1,1,High
20,305,18,3,0,checkout,1,0,0,Medium
16,601,17,2,0,checkout,0,1,0,Low
34,1544,12,3,0,checkout,1,1,1,Medium
35,286,22,1,0,search,0,1,0,Low
56,1310,20,1,0,reporting,0,1,1,Low
10,148,9,4,0,reporting,0,1,0,Low
3,86,22,2,0,auth,0,1,1,Medium
18,179,11,5,1,search,0,1,1,Low
10,169,20,4,0,payments,0,1,0,Low
39,251,9,0,0,payments,0,1,0,Low
20,689,16,2,0,auth,1,1,0,Medium
14,133,23,5,1,reporting,0,1,0,Low
7,32,20,1,0,payments,0,0,0,Medium
2,61,5,3,0,payments,1,0,0,Medium
24,672,0,2,0,search,0,1,1,Medium
10,630,17,6,1,reporting,0,0,0,Low
1,36,13,1,0,payments,0,1,0,Low
33,264,11,5,1,checkout,2,0,1,High
12,100,14,5,1,reporting,1,1,0,Low
21,473,19,3,0,payments,0,1,0,Low
2,34,2,2,0,search,0,1,2,Medium
6,133,6,0,0,payments,1,1,0,Low
15,231,9,0,0,notifications,0,1,1,Low
15,195,3,1,0,auth,0,1,2,High
11,34,14,6,1,search,0,0,0,Medium
8,45,22,1,0,search,0,1,0,Low
4,23,22,4,0,notifications,1,0,0,Medium
5,42,1,6,1,reporting,0,0,0,Medium
12,50,5,6,1,auth,0,0,0,High
73,1900,9,0,0,search,0,0,0,Medium
20,909,6,4,0,reporting,0,1,0,Low
3,58,8,1,0,auth,0,0,0,Medium
6,191,4,2,0,payments,1,1,0,Medium
29,2293,16,2,0,notifications,0,1,0,Low
28,193,4,5,1,checkout,0,0,2,High
6,171,16,3,0,reporting,0,1,2,Low
11,158,23,2,0,checkout,0,0,0,High
4,69,7,1,0,auth,0,0,0,Low
12,347,22,5,1,reporting,0,1,1,Medium
35,3189,21,6,1,payments,0,0,0,High
3,138,3,3,0,payments,0,0,0,Medium
103,860,11,3,0,payments,2,0,1,High
11,12,0,6,1,checkout,2,1,0,Medium
35,563,18,3,0,payments,1,1,1,Medium
2,54,22,5,1,search,1,1,1,Medium
45,576,2,2,0,notifications,0,1,0,Low
7,46,11,0,0,auth,0,1,0,Low
2,52,10,1,0,search,1,1,0,Low
14,1008,20,2,0,search,0,0,0,Low
5,270,7,3,0,reporting,1,1,0,Low
41,2324,5,2,0,checkout,0,1,0,Medium
11,267,16,3,0,checkout,0,1,0,Low
31,122,4,6,1,notifications,0,1,0,Low
1,31,7,2,0,reporting,0,1,0,Low
22,264,11,0,0,notifications,0,1,1,Low
16,310,0,6,1,notifications,0,0,0,Medium
44,894,12,4,0,checkout,0,1,0,Medium
22,83,22,2,0,checkout,0,0,0,High
27,178,0,3,0,search,1,0,0,High
30,555,5,2,0,notifications,0,0,1,High
9,117,3,4,0,search,0,0,0,Medium
7,54,8,1,0,notifications,0,1,0,Low
12,1109,18,1,0,notifications,0,1,0,Low
3,227,5,0,0,reporting,0,0,1,Medium
20,484,21,6,1,reporting,0,1,0,Low
3,52,4,2,0,search,0,1,0,Low
4,206,22,1,0,search,0,0,0,Low
3,111,16,2,0,payments,1,1,0,Low
1,75,16,4,0,auth,2,1,0,Low
3,62,1,1,0,notifications,0,1,0,Low
21,1567,17,5,1,reporting,1,1,0,Medium
1,66,21,2,0,notifications,0,1,0,Low
28,887,16,5,1,notifications,0,0,0,Medium
3,35,7,3,0,checkout,0,0,1,High
2,102,4,6,1,auth,0,1,0,Low
11,425,22,0,0,notifications,0,1,0,Low
21,1149,18,3,0,notifications,1,1,0,Low
8,97,10,6,1,notifications,0,1,0,Low
9,543,2,2,0,notifications,0,1,0,Low
14,341,17,1,0,reporting,0,1,0,Low
2,82,10,2,0,notifications,0,1,0,Low
24,35,3,4,0,payments,0,1,0,Low
6,22,22,3,0,auth,1,1,0,Medium
31,154,4,4,0,auth,0,1,0,Medium
17,198,8,4,0,notifications,0,0,1,Medium
17,35,20,5,1,search,0,1,0,Low
51,275,8,0,0,reporting,0,1,0,Low
11,55,8,1,0,auth,0,1,0,Low
1,44,1,4,0,checkout,1,1,0,Medium
24,2218,5,5,1,search,1,1,1,High
6,105,20,0,0,auth,0,1,0,Low
9,676,21,3,0,reporting,0,0,0,Low
69,1359,9,5,1,checkout,0,0,0,High
7,62,12,5,1,search,0,1,0,Low
15,376,14,3,0,search,0,1,0,Low
1,26,17,1,0,reporting,0,1,1,Low
30,320,0,1,0,payments,1,0,0,High
32,241,11,0,0,payments,0,1,0,Low
8,176,20,2,0,search,0,1,0,Low
3,64,7,2,0,notifications,0,0,0,Low
7,1112,17,2,0,notifications,0,1,0,Low
9,106,21,1,0,checkout,1,1,1,Medium
1,52,5,1,0,checkout,1,1,0,Medium
11,36,9,0,0,auth,0,0,0,Medium
3,148,18,4,0,search,1,0,0,Low
9,92,13,2,0,search,0,1,1,Low
5,138,2,1,0,reporting,0,1,1,Low
1,59,9,2,0,payments,0,1,0,Low
13,979,18,4,0,reporting,0,1,0,Low
16,268,5,6,1,checkout,1,0,0,High
1,133,13,4,0,checkout,1,0,0,Medium
8,266,17,2,0,auth,0,0,0,Medium
7,196,1,5,1,search,0,1,2,Medium
12,50,0,3,0,payments,1,1,0,Medium
16,1103,3,2,0,auth,0,0,0,Medium
9,56,16,1,0,notifications,0,0,0,Low
2,213,0,3,0,auth,0,1,0,Medium
28,727,15,5,1,search,0,0,0,Medium
13,691,20,2,0,auth,1,1,0,Low
4,131,12,3,0,notifications,0,1,0,Low
6,17,8,6,1,reporting,0,0,1,Medium
6,496,8,2,0,checkout,1,0,0,High
7,251,3,2,0,auth,0,1,0,Medium
17,995,0,6,1,auth,0,0,0,High
67,1512,12,6,1,notifications,0,1,0,Medium
3,233,10,4,0,notifications,0,1,0,Low
1,50,1,5,1,payments,1,1,0,Medium
8,309,23,6,1,checkout,1,1,0,Medium
13,73,9,3,0,notifications,0,1,1,Low
17,297,23,6,1,search,0,0,0,Medium
12,210,3,6,1,auth,0,1,0,Medium
1,52,1,3,0,search,0,0,0,Medium
5,74,20,5,1,notifications,0,1,0,Low
17,292,20,3,0,reporting,0,0,0,Low
4,100,2,3,0,auth,1,0,1,High
18,12,5,6,1,notifications,0,1,1,Medium
13,113,22,2,0,notifications,0,1,0,Low
12,460,3,5,1,auth,0,1,1,Medium
5,8,0,3,0,reporting,0,0,0,Medium
3,40,10,5,1,payments,3,1,0,Medium
22,93,16,1,0,payments,1,1,1,Medium
24,581,6,2,0,search,1,1,0,Low
28,2753,10,5,1,payments,0,0,0,High
16,957,20,5,1,auth,1,1,0,Medium
21,317,0,6,1,payments,1,1,0,Medium
19,462,9,1,0,reporting,0,1,0,Low
13,191,18,1,0,reporting,0,0,0,Low
1,40,1,3,0,auth,0,1,1,Medium
11,252,22,3,0,checkout,1,1,1,High
53,1336,2,3,0,payments,2,0,0,High
14,165,21,4,0,search,0,0,0,Low
10,811,19,0,0,search,0,1,1,Low
19,602,3,1,0,notifications,1,1,0,Medium
5,84,16,4,0,notifications,0,1,0,Low
9,176,6,2,0,payments,0,1,1,Medium
6,118,5,6,1,checkout,2,1,0,High
4,72,9,1,0,reporting,0,1,0,Low
9,247,22,4,0,checkout,1,1,0,Medium
35,232,4,2,0,auth,2,1,0,Medium
35,1377,15,4,0,reporting,0,1,0,Low
7,133,1,5,1,reporting,0,0,0,Medium
10,85,17,4,0,reporting,1,0,0,Low
37,166,2,4,0,auth,3,1,0,High
2,64,16,0,0,checkout,1,1,0,Low
14,198,0,1,0,reporting,1,0,0,Medium
6,189,1,5,1,auth,1,0,0,High
13,986,12,5,1,checkout,1,1,1,Medium
9,195,9,0,0,checkout,0,0,1,Medium
4,42,7,5,1,auth,1,1,0,Medium
2,57,8,1,0,notifications,0,0,1,Medium
14,632,23,5,1,reporting,0,1,0,Medium
5,60,15,4,0,reporting,0,0,0,Low
10,134,17,3,0,reporting,0,0,0,Low
21,263,17,5,1,reporting,0,0,0,Low
5,134,11,3,0,checkout,1,0,0,High
22,593,11,1,0,reporting,0,1,1,Low
31,124,3,4,0,payments,0,1,0,Low
12,1019,20,1,0,checkout,1,1,0,Medium
10,326,4,5,1,reporting,0,1,0,Low
1,10,2,4,0,checkout,0,1,1,Low
35,117,5,0,0,auth,1,1,1,Medium
23,485,15,2,0,payments,0,1,0,Low
33,1628,5,2,0,search,0,1,1,Medium
21,13,7,5,1,checkout,1,1,0,Low
18,47,16,0,0,auth,1,1,0,Low
5,161,4,1,0,reporting,0,1,2,Low
5,224,23,4,0,notifications,0,1,1,Medium
6,559,5,5,1,auth,1,0,1,High
17,106,21,1,0,notifications,0,1,0,Low
23,62,11,4,0,auth,1,1,0,Low
8,209,9,0,0,checkout,0,0,0,Medium
10,148,15,1,0,payments,1,0,0,Medium
11,287,5,1,0,reporting,0,0,0,Medium
32,1639,21,3,0,notifications,0,1,0,Low
10,465,7,0,0,reporting,1,1,0,Low
24,510,11,3,0,notifications,1,0,0,Medium
33,1449,0,1,0,reporting,0,1,0,Medium
20,87,3,3,0,payments,1,0,0,High
6,42,11,5,1,notifications,0,1,0,Low
2,67,20,5,1,checkout,0,1,0,Low
3,164,12,5,1,notifications,0,0,0,Medium
6,196,23,6,1,notifications,1,1,1,Medium
8,265,1,4,0,payments,0,1,0,Medium
3,189,21,3,0,notifications,1,1,0,Low
11,12,3,2,0,checkout,0,1,1,Medium
29,209,17,5,1,checkout,0,1,0,Medium
6,230,21,3,0,search,0,1,0,Low
12,276,6,5,1,search,1,0,0,Medium
5,140,1,1,0,notifications,0,1,0,Low
4,352,2,6,1,search,0,1,0,Low
57,1746,7,2,0,payments,0,1,0,Medium
15,333,17,6,1,checkout,3,0,0,High
35,832,11,5,1,notifications,0,0,0,Medium
38,4,1,3,0,payments,2,1,0,Medium
6,288,12,1,0,notifications,1,1,0,Low
17,64,13,0,0,payments,1,1,1,Medium
30,24,12,0,0,notifications,1,1,0,Low
12,574,13,2,0,search,1,1,0,Low
2,156,7,4,0,checkout,2,0,1,High
16,1046,13,2,0,notifications,0,1,0,Low
10,399,14,2,0,checkout,0,1,0,Low
11,64,0,3,0,reporting,1,0,0,Medium
21,697,20,5,1,payments,0,1,0,Low
17,452,13,5,1,auth,0,1,0,Low
22,207,1,5,1,checkout,1,1,0,Medium
8,59,23,4,0,payments,0,0,0,High
25,622,9,5,1,search,0,0,1,Medium
8,59,0,4,0,auth,0,1,0,Medium
5,370,7,3,0,search,0,1,0,Low
7,44,0,0,0,payments,0,1,2,High
34,869,1,5,1,notifications,1,1,0,Medium
5,80,21,2,0,checkout,0,1,0,Low
14,108,9,3,0,checkout,1,0,0,Medium
29,12,11,4,0,notifications,0,1,0,Low
36,1078,17,2,0,notifications,0,1,0,Low
42,1637,8,6,1,notifications,0,1,0,Low
2,39,7,3,0,notifications,0,1,0,Low
9,369,10,2,0,notifications,0,1,0,Low
20,116,0,3,0,reporting,1,1,0,Low
2,50,21,2,0,payments,1,0,1,Medium
3,157,19,3,0,reporting,0,0,1,Medium
13,390,4,3,0,checkout,0,1,0,Low
13,1824,9,2,0,auth,0,1,0,Low
9,684,19,3,0,reporting,0,1,0,Low
1,38,12,0,0,notifications,0,1,0,Low
40,844,3,0,0,notifications,2,0,0,High
15,189,1,5,1,search,0,1,0,Low
4,59,3,1,0,checkout,0,1,0,Low
4,215,6,3,0,notifications,1,1,0,Low
3,57,1,4,0,reporting,0,0,1,High
2,75,18,4,0,payments,2,1,0,Low
17,172,8,5,1,search,1,1,0,Low
2,75,23,0,0,payments,0,1,0,Medium
9,235,12,2,0,payments,0,1,1,Low
50,448,4,2,0,payments,0,1,0,High
25,388,23,0,0,auth,1,1,0,Medium
8,101,0,6,1,reporting,0,0,0,Medium
7,420,2,4,0,auth,2,1,0,Medium
11,292,13,0,0,notifications,0,1,1,Medium
32,411,6,5,1,auth,2,0,0,High
5,243,21,0,0,notifications,0,1,0,Low
11,875,16,6,1,notifications,0,1,0,Low
8,825,12,4,0,search,0,1,0,Low
8,158,21,2,0,reporting,0,1,0,Low
1,43,3,6,1,reporting,0,1,1,Low
14,540,11,6,1,auth,0,1,1,Low
22,156,4,4,0,auth,0,1,0,Medium
3,149,0,6,1,reporting,0,1,0,Low
11,171,13,4,0,search,0,1,1,Low
6,54,3,1,0,notifications,1,0,1,High
12,125,5,6,1,payments,0,1,0,Medium
5,153,6,1,0,auth,2,1,0,Low
18,303,14,4,0,search,0,1,0,Low
70,325,17,4,0,auth,0,1,1,Medium
17,229,18,2,0,notifications,0,1,0,Low
20,490,12,2,0,notifications,0,1,1,Low
24,362,17,5,1,notifications,0,1,1,Low
30,9,15,2,0,checkout,1,1,0,Medium
10,170,2,2,0,search,0,0,0,Low
15,728,0,3,0,notifications,0,1,0,Low
1,47,21,6,1,auth,0,0,0,Medium
10,809,18,6,1,auth,1,1,0,Medium
8,264,17,1,0,auth,0,0,0,Medium
26,934,18,0,0,reporting,0,1,0,Low
13,685,23,4,0,checkout,0,1,0,Medium
7,481,2,6,1,checkout,1,1,0,Medium
6,68,11,3,0,reporting,0,0,0,Low
14,790,0,1,0,payments,0,1,0,Low
22,446,19,6,1,reporting,0,1,0,Low
12,93,9,2,0,search,1,1,1,Low
22,333,18,5,1,auth,1,1,0,Medium
11,413,23,3,0,checkout,1,1,0,Medium
8,127,11,4,0,search,0,0,0,Low
35,107,6,3,0,payments,0,0,1,Medium
60,2469,1,5,1,reporting,0,1,2,High
11,59,10,6,1,reporting,0,1,0,Low
6,101,0,4,0,payments,0,0,0,High
62,1409,4,6,1,notifications,0,1,1,High
4,179,13,6,1,reporting,0,0,0,Medium
12,1941,5,5,1,notifications,1,1,1,High
7,75,11,4,0,reporting,0,0,0,Low
5,138,18,0,0,reporting,2,1,0,Low
36,60,15,6,1,search,0,1,0,Low
5,66,10,4,0,search,0,1,0,Low
8,625,3,0,0,reporting,0,1,0,Low
94,1692,11,5,1,reporting,0,1,0,Medium
15,227,5,2,0,notifications,0,0,1,High
10,202,23,3,0,reporting,0,1,1,Medium
19,41,1,0,0,reporting,1,1,0,Medium
11,664,20,1,0,checkout,1,1,0,Low
7,395,2,6,1,checkout,1,0,0,High
2,47,7,3,0,search,0,1,0,Low
30,97,14,5,1,search,1,1,0,Low
4,36,4,1,0,payments,1,1,0,Medium
33,800,13,2,0,payments,0,0,0,Medium
8,119,17,5,1,checkout,0,0,1,High
2,43,17,4,0,search,0,1,0,Low
11,788,17,1,0,notifications,0,0,0,Medium
15,440,15,3,0,payments,2,1,0,Low
1,38,17,5,1,notifications,0,0,0,Low
3,19,22,0,0,search,1,1,0,Medium
26,164,0,4,0,notifications,0,1,0,Low
18,594,17,4,0,reporting,0,1,0,Low
14,185,17,3,0,payments,0,1,0,Low
4,210,9,1,0,search,0,0,0,Low
37,793,18,5,1,search,0,1,0,Low
4,118,2,6,1,search,0,1,3,High
31,1084,10,6,1,payments,1,1,1,High
5,52,18,0,0,auth,2,1,1,Medium
18,725,18,5,1,payments,0,1,0,Low
11,371,11,0,0,reporting,0,1,0,Low
16,61,23,3,0,payments,1,0,1,High
15,49,14,6,1,reporting,0,1,0,Low
8,51,18,4,0,notifications,0,0,0,Low
22,1126,22,0,0,auth,0,1,0,Medium
12,67,6,2,0,notifications,0,1,0,Low
3,134,8,3,0,auth,0,1,1,Medium
14,156,8,0,0,payments,1,1,0,Medium
11,28,13,2,0,search,0,0,0,Low
67,501,13,0,0,auth,0,1,0,Low
17,788,23,2,0,payments,1,0,0,High
7,210,8,0,0,checkout,1,1,1,Medium
30,429,14,4,0,checkout,1,1,2,Medium
14,314,9,3,0,notifications,0,1,1,Low
19,264,5,5,1,payments,0,1,0,Medium
9,70,11,0,0,auth,0,1,1,Medium
12,150,20,0,0,notifications,0,1,0,Low
64,2955,8,6,1,payments,0,1,0,High
12,214,23,0,0,checkout,0,1,0,Medium
15,53,16,4,0,notifications,1,0,0,Low
25,204,7,0,0,checkout,0,1,1,Medium
47,189,21,2,0,reporting,1,1,0,Low
36,95,10,4,0,checkout,3,1,0,Medium
14,184,22,3,0,auth,1,1,0,Medium
11,136,3,2,0,payments,0,1,0,Medium
5,61,14,6,1,search,1,1,0,Low
43,192,9,2,0,checkout,0,1,0,Low
3,32,8,5,1,reporting,0,1,0,Low
32,533,5,3,0,auth,0,1,0,Medium
8,125,3,3,0,payments,0,1,0,Medium
8,401,1,0,0,reporting,2,1,0,Medium
14,5,16,6,1,notifications,0,1,0,Low
21,841,0,0,0,auth,0,1,0,Medium
21,699,13,0,0,checkout,1,1,1,Medium
9,8,20,0,0,reporting,0,1,0,Low
1,71,8,1,0,notifications,0,1,0,Low
9,156,13,2,0,reporting,0,1,0,Low
60,265,16,1,0,checkout,0,1,0,Low
2,134,19,2,0,auth,2,0,0,Medium
22,309,14,2,0,search,0,1,0,Low
6,268,23,3,0,checkout,0,1,0,Low
19,40,14,2,0,reporting,0,1,0,Low
5,146,19,6,1,reporting,0,0,0,Low
7,143,17,6,1,payments,0,1,0,Low
16,630,16,5,1,reporting,0,1,0,Low
16,1255,12,6,1,search,0,1,0,Low
1,67,8,3,0,notifications,0,1,1,Low
13,386,0,3,0,reporting,0,1,0,Low
17,221,21,3,0,notifications,0,0,1,Medium
10,142,3,6,1,auth,1,0,0,High
13,33,20,1,0,reporting,0,1,0,Low
15,553,13,1,0,reporting,0,1,0,Low
36,694,14,6,1,notifications,1,1,0,Low
7,325,21,6,1,reporting,2,1,0,Medium
14,1281,22,2,0,checkout,0,1,0,Medium
54,1309,2,2,0,reporting,0,0,0,High
23,342,16,1,0,payments,1,0,0,High
5,148,23,6,1,notifications,0,0,0,Low
31,1639,22,1,0,notifications,1,1,0,High
7,211,0,2,0,payments,2,1,0,High
12,374,19,3,0,checkout,0,1,0,Low
7,150,19,5,1,search,0,1,0,Low
4,68,6,2,0,reporting,0,1,2,Low
10,15,9,4,0,notifications,0,0,0,Low
29,191,9,6,1,payments,0,1,0,Medium
25,64,22,4,0,reporting,1,0,0,Medium
39,2421,3,0,0,checkout,2,1,0,High
18,193,11,0,0,auth,1,1,0,Low
20,235,10,1,0,checkout,1,1,0,Medium
4,112,21,4,0,notifications,0,1,0,Low
3,42,17,0,0,auth,0,0,0,Low
12,128,8,6,1,auth,2,0,0,High
4,178,22,1,0,auth,1,1,0,Medium
23,80,18,0,0,notifications,1,1,0,Low
26,313,23,3,0,notifications,0,1,0,Low
2,58,1,2,0,checkout,2,1,0,Medium
4,140,23,2,0,auth,0,0,1,High
23,361,4,6,1,payments,2,1,1,High
5,442,15,6,1,search,0,0,0,Medium
41,2221,3,5,1,auth,0,0,0,High
51,532,23,1,0,payments,0,1,0,Medium
24,839,5,2,0,search,0,1,1,Low
10,534,11,5,1,auth,1,0,0,Medium
7,247,22,3,0,reporting,1,1,1,Medium
8,97,7,3,0,notifications,2,0,1,High
10,693,15,5,1,notifications,1,1,0,Low
4,60,10,5,1,checkout,0,1,2,Medium
6,81,3,3,0,payments,1,1,1,Medium
7,234,19,5,1,checkout,0,1,0,Low
45,1442,1,0,0,auth,1,0,0,High
15,19,12,5,1,notifications,1,1,1,Low
3,91,21,2,0,auth,3,1,0,Medium
29,207,8,1,0,payments,0,0,1,High
2,76,18,3,0,notifications,3,0,0,Medium
69,929,17,2,0,reporting,0,1,0,Low
6,41,12,4,0,payments,1,1,0,Medium
5,33,1,5,1,auth,0,1,0,Low
17,110,6,3,0,payments,0,1,0,Low
8,346,13,3,0,checkout,1,1,0,Low
18,529,10,1,0,search,0,1,0,Low
3,106,12,0,0,payments,0,1,0,Low
10,297,14,0,0,checkout,0,1,0,Low
6,230,7,5,1,notifications,0,1,0,Low
8,74,7,6,1,checkout,0,1,0,Medium
2,23,5,3,0,reporting,0,1,0,Low
7,173,11,1,0,auth,2,1,0,Medium
1,34,3,4,0,reporting,0,0,0,Low
5,39,6,5,1,reporting,0,1,0,Low
20,743,6,0,0,reporting,0,0,0,Low
9,181,18,0,0,reporting,0,1,0,Low
2,112,1,4,0,auth,0,1,0,Low
10,209,2,0,0,auth,0,0,0,High
1,46,13,2,0,auth,1,1,0,Low
10,35,11,2,0,search,0,0,0,Low
47,748,22,5,1,search,2,0,1,High
17,252,0,1,0,payments,2,0,2,High
47,1196,15,4,0,reporting,0,1,0,Low
1,29,5,5,1,payments,0,1,0,Low
4,62,23,5,1,notifications,0,1,0,Low
13,447,13,2,0,payments,1,1,0,Low
8,245,8,3,0,checkout,1,1,1,Medium
35,1171,2,4,0,auth,0,1,0,Medium
39,50,20,3,0,auth,0,1,1,Medium
43,408,1,4,0,auth,2,0,0,High
11,694,16,2,0,search,1,0,0,Medium
15,272,0,3,0,auth,1,1,0,Medium
2,34,15,2,0,auth,1,1,1,Medium
25,260,4,1,0,auth,2,0,1,High
5,409,7,0,0,checkout,2,1,1,Medium
11,143,18,3,0,reporting,0,0,0,Low
17,486,4,1,0,search,2,0,0,High
9,73,19,5,1,checkout,0,1,1,Medium
12,303,9,3,0,checkout,1,1,1,Medium
7,715,21,6,1,search,0,1,0,Low
11,38,0,6,1,checkout,1,0,0,High
13,261,17,5,1,notifications,0,1,0,Low
59,3543,17,1,0,reporting,0,1,0,Medium
1,48,18,1,0,reporting,0,1,0,Low
10,212,18,5,1,checkout,1,1,0,Medium
5,193,7,1,0,payments,0,1,0,Low
1,25,14,0,0,checkout,0,0,0,Low
9,475,20,6,1,search,0,1,0,Low
33,1278,9,4,0,payments,0,0,1,High
30,3922,8,3,0,reporting,0,1,0,Low
4,34,2,6,1,reporting,0,1,0,Low
13,450,9,0,0,search,0,1,0,Low
7,160,15,0,0,payments,1,1,0,Low
19,43,0,3,0,payments,0,1,0,Medium
1,44,22,6,1,notifications,0,1,1,Medium
2,39,22,4,0,notifications,0,1,0,Low
30,1746,16,2,0,payments,0,0,0,Medium
19,227,14,0,0,checkout,1,1,0,Medium
6,185,9,2,0,checkout,0,1,0,Low
7,94,17,3,0,checkout,0,1,0,Low
16,62,0,0,0,reporting,0,1,0,Low
17,85,12,6,1,auth,1,1,1,Medium
26,759,21,2,0,search,0,1,0,Low
15,213,16,1,0,checkout,1,1,0,Medium
3,123,8,1,0,reporting,0,0,1,Low
32,1422,22,3,0,auth,0,0,0,High
9,94,3,3,0,reporting,0,1,1,Low
16,232,12,3,0,reporting,0,1,0,Low
11,206,13,4,0,checkout,1,1,0,Low
30,1696,5,6,1,search,0,0,0,High
71,524,8,1,0,auth,0,1,0,Low
18,802,17,6,1,notifications,1,1,0,Low
11,813,0,4,0,checkout,0,1,0,Medium
31,142,1,1,0,checkout,1,1,0,Medium
32,110,0,0,0,reporting,0,1,1,Low
14,338,14,5,1,reporting,0,1,0,Low
37,389,14,1,0,reporting,1,1,0,Low
19,505,23,2,0,checkout,1,1,1,Medium
3,161,9,2,0,checkout,2,0,0,Medium
40,111,3,0,0,payments,0,1,1,Medium
4,118,4,4,0,checkout,2,1,0,Medium
11,337,9,6,1,payments,0,1,0,Low
16,849,21,1,0,auth,0,1,0,Low
4,46,23,1,0,search,1,1,0,Low
9,253,5,2,0,reporting,0,1,1,Medium
21,770,7,5,1,payments,0,0,0,High
4,99,4,0,0,search,1,0,1,High
19,36,17,6,1,checkout,1,1,0,Low
20,1184,21,0,0,auth,3,0,0,High
8,236,3,1,0,reporting,0,0,1,High
8,616,22,0,0,auth,0,1,1,Medium
26,244,4,3,0,auth,2,1,0,Medium
41,459,6,2,0,checkout,0,1,0,Low
4,166,5,4,0,checkout,0,1,0,Low
65,1195,2,3,0,payments,0,0,0,High
6,61,6,4,0,reporting,2,1,0,Low
44,31,17,5,1,checkout,1,0,0,High
4,43,2,1,0,auth,0,0,0,High
27,59,19,6,1,notifications,0,1,0,Low
11,274,22,2,0,notifications,1,1,1,Medium
2,259,17,2,0,search,0,1,0,Low
24,60,3,1,0,notifications,0,1,0,Low
18,96,16,2,0,notifications,0,1,1,Low
10,244,23,3,0,notifications,0,1,0,Low
3,194,8,6,1,payments,0,1,0,Low
28,91,9,5,1,reporting,0,1,0,Low
7,75,20,3,0,search,0,0,0,Low
15,109,6,1,0,payments,0,1,1,Low
1,86,7,1,0,auth,1,1,0,Low
2,90,7,2,0,payments,0,0,1,Medium
1,25,16,3,0,checkout,0,1,0,Low
4,4,6,3,0,notifications,1,1,0,Low
7,325,3,2,0,notifications,0,1,0,Low
5,79,9,4,0,payments,1,0,1,High
11,68,0,1,0,reporting,0,1,0,Low
8,88,0,1,0,reporting,0,1,0,Low
12,185,21,0,0,notifications,1,0,0,Low
11,48,17,5,1,auth,2,1,1,Medium
3,102,21,6,1,reporting,0,1,0,Low
12,138,20,0,0,search,0,0,0,Low
6,63,9,5,1,search,0,1,0,Low
8,92,17,1,0,payments,0,1,0,Low
9,96,0,4,0,payments,1,1,0,Medium
5,41,8,0,0,checkout,0,1,1,Low
32,285,23,1,0,reporting,0,1,0,Low
8,307,5,3,0,checkout,0,1,1,Medium
16,345,23,4,0,reporting,0,0,0,Low
4,36,9,1,0,auth,2,1,0,Medium
16,200,23,3,0,checkout,0,1,1,Medium
8,120,8,6,1,search,1,1,0,Low
4,1,14,5,1,reporting,0,1,0,Low
6,58,1,2,0,payments,1,1,1,Medium
48,1148,21,6,1,checkout,0,1,0,Low
66,1416,5,2,0,reporting,0,1,1,Medium
13,151,7,6,1,auth,1,1,0,Low
21,148,0,4,0,search,0,1,0,Low
27,326,15,4,0,checkout,1,1,0,Low
11,81,17,2,0,reporting,0,1,1,Low
14,583,12,3,0,auth,1,0,2,High
20,242,11,0,0,auth,0,1,0,Low
22,83,21,5,1,reporting,0,1,0,Low
1,47,2,0,0,search,0,1,0,Low
3,65,12,0,0,reporting,0,0,1,Medium
6,235,7,4,0,notifications,0,0,0,Low
17,57,4,1,0,reporting,0,1,0,Low
23,186,3,5,1,payments,0,1,2,Medium
13,272,15,6,1,payments,0,1,0,Low
